latitude,longitude,cluster
37.76900100708008,-122.48350143432617,4
37.77215003967285,-122.44700241088867,4
37.51210021972656,-122.3499984741211,8
37.78070068359375,-122.51399993896484,4
37.75090026855469,-122.48999786376953,4
36.990400314331055,-122.05899810791016,1
37.76900100708008,-122.48350143432617,4
36.99429893493652,-122.05849838256836,1
37.77750015258789,-122.51150131225586,4
36.990400314331055,-122.05899810791016,1
36.982648849487305,-121.87249755859375,6
37.124149322509766,-121.98049926757812,1
37.245100021362305,-122.14400100708008,3
36.982648849487305,-121.87249755859375,6
37.11910057067871,-122.1245002746582,1
37.76900100708008,-122.48350143432617,4
37.435800552368164,-122.34199905395508,8
36.91494941711426,-121.76300048828125,6
37.81235122680664,-122.18850326538086,2
37.79034996032715,-122.16450119018555,2
37.77694892883301,-122.18149948120117,2
37.78070068359375,-122.51399993896484,4
37.76594924926758,-122.46750259399414,4
37.72434997558594,-122.48199844360352,4
37.89970016479492,-122.24800109863281,2
36.91494941711426,-121.76300048828125,6
37.89970016479492,-122.24800109863281,2
36.99279975891113,-122.00400161743164,1
37.76544952392578,-122.47749710083008,4
37.00379943847656,-122.05550003051758,1
37.87260055541992,-122.24200057983398,2
37.05659866333008,-122.1349983215332,1
37.8755989074707,-122.24749755859375,2
37.49504852294922,-122.36899948120117,8
36.990400314331055,-122.05899810791016,1
37.75764846801758,-122.44400024414062,4
37.86479949951172,-122.3120002746582,2
37.75764846801758,-122.44400024414062,4
37.76900100708008,-122.48350143432617,4
37.8755989074707,-122.24749755859375,2
37.78070068359375,-122.51399993896484,4
37.124149322509766,-121.98049926757812,1
36.985450744628906,-122.0374984741211,1
37.87335014343262,-122.26449966430664,2
37.074649810791016,-122.10950088500977,1
37.54890060424805,-122.2594985961914,8
37.67864990234375,-122.45249938964844,4
37.46179962158203,-122.25350189208984,8
37.87825012207031,-122.23649978637695,2
37.15534973144531,-122.23699951171875,3
37.39284896850586,-122.31800079345703,8
36.982648849487305,-121.87249755859375,6
37.245100021362305,-122.14400100708008,3
37.124149322509766,-121.98049926757812,1
37.11910057067871,-122.1245002746582,1
37.124149322509766,-121.98049926757812,1
37.55139923095703,-122.33499908447266,8
36.995399475097656,-122.04299926757812,1
37.848899841308594,-122.20550155639648,2
37.72434997558594,-122.48199844360352,4
37.55139923095703,-122.33499908447266,8
37.76984977722168,-122.46599960327148,4
37.114898681640625,-122.2614974975586,3
36.891849517822266,-121.71100234985352,6
37.883649826049805,-122.22200012207031,2
37.8755989074707,-122.24749755859375,2
37.54215049743652,-122.51649856567383,4
37.77750015258789,-122.51150131225586,4
37.77215003967285,-122.44700241088867,4
37.42254829406738,-122.28800201416016,8
37.7681999206543,-122.44100189208984,4
37.76900100708008,-122.48350143432617,4
37.97220039367676,-122.61950302124023,0
37.18734931945801,-121.85900115966797,6
37.15534973144531,-122.23699951171875,3
37.83289909362793,-122.16550064086914,2
37.08399963378906,-122.0615005493164,1
37.43619918823242,-122.29899978637695,8
37.435800552368164,-122.34199905395508,8
37.435800552368164,-122.34199905395508,8
37.81865119934082,-122.14300155639648,2
37.124149322509766,-121.98049926757812,1
37.83289909362793,-122.16550064086914,2
37.84229850769043,-122.19049835205078,2
37.24059867858887,-122.09149932861328,3
37.124149322509766,-121.98049926757812,1
37.23925018310547,-121.79199981689453,6
37.81235122680664,-122.18850326538086,2
37.815250396728516,-122.16300201416016,2
37.06254959106445,-122.02949905395508,1
37.43619918823242,-122.29899978637695,8
38.06800079345703,-122.74100112915039,0
36.990400314331055,-122.05899810791016,1
37.06254959106445,-122.02949905395508,1
37.435800552368164,-122.34199905395508,8
37.83289909362793,-122.16550064086914,2
36.982648849487305,-121.87249755859375,6
37.435800552368164,-122.34199905395508,8
37.81235122680664,-122.18850326538086,2
37.25710105895996,-122.24699783325195,3
37.00379943847656,-122.05550003051758,1
36.990400314331055,-122.05899810791016,1
37.02499961853027,-122.05800247192383,1
37.83289909362793,-122.16550064086914,2
37.06254959106445,-122.02949905395508,1
37.43619918823242,-122.29899978637695,8
36.982648849487305,-121.87249755859375,6
37.063499450683594,-122.10299682617188,1
36.985450744628906,-122.0374984741211,1
37.124149322509766,-121.98049926757812,1
36.982648849487305,-121.87249755859375,6
37.0526008605957,-122.06300354003906,1
37.02854919433594,-121.88050079345703,6
37.83289909362793,-122.16550064086914,2
37.80014991760254,-122.16899871826172,2
37.435800552368164,-122.34199905395508,8
37.01115036010742,-122.06650161743164,1
37.80014991760254,-122.16899871826172,2
37.80014991760254,-122.16899871826172,2
37.878299713134766,-122.23550033569336,2
36.99515151977539,-121.78799819946289,6
37.33015060424805,-122.18000030517578,3
36.56159973144531,-121.86599731445312,5
37.81235122680664,-122.18850326538086,2
37.83289909362793,-122.16550064086914,2
36.610300064086914,-121.93199920654297,5
37.00379943847656,-122.05550003051758,1
37.08995056152344,-121.87899780273438,6
37.33015060424805,-122.18000030517578,3
37.33015060424805,-122.18000030517578,3
37.86305046081543,-122.22000122070312,2
37.83289909362793,-122.16550064086914,2
37.81235122680664,-122.18850326538086,2
37.81235122680664,-122.18850326538086,2
37.33015060424805,-122.18000030517578,3
37.022600173950195,-121.95449829101562,1
38.06800079345703,-122.7334976196289,0
37.848899841308594,-122.20550155639648,2
37.43775177001953,-122.36999893188477,8
37.39284896850586,-122.31800079345703,8
37.83289909362793,-122.16550064086914,2
37.86305046081543,-122.22000122070312,2
37.83289909362793,-122.16550064086914,2
37.33015060424805,-122.18000030517578,3
36.51515007019043,-121.94599914550781,5
36.967899322509766,-121.99200057983398,1
37.06289863586426,-122.2490005493164,1
37.33015060424805,-122.18000030517578,3
37.05125045776367,-121.5364990234375,6
37.80014991760254,-122.16899871826172,2
37.83289909362793,-122.16550064086914,2
37.05125045776367,-121.5364990234375,6
36.982648849487305,-121.87249755859375,6
37.33015060424805,-122.18000030517578,3
36.990400314331055,-122.05899810791016,1
36.98500061035156,-122.08899688720703,1
37.81235122680664,-122.18850326538086,2
37.81235122680664,-122.18850326538086,2
37.022600173950195,-121.95449829101562,1
36.56159973144531,-121.86599731445312,5
38.09270095825195,-122.55500030517578,0
37.86305046081543,-122.22000122070312,2
37.83289909362793,-122.16550064086914,2
37.80014991760254,-122.16899871826172,2
37.80014991760254,-122.16899871826172,2
37.85445022583008,-122.19700241088867,2
37.39284896850586,-122.31800079345703,8
37.83289909362793,-122.16550064086914,2
37.83289909362793,-122.16550064086914,2
37.80014991760254,-122.16899871826172,2
36.990400314331055,-122.05899810791016,1
37.33015060424805,-122.18000030517578,3
37.33015060424805,-122.18000030517578,3
37.96669960021973,-122.26249694824219,2
37.33015060424805,-122.18000030517578,3
37.06839942932129,-121.94950103759766,1
36.990400314331055,-122.05899810791016,1
37.83289909362793,-122.16550064086914,2
37.83289909362793,-122.16550064086914,2
37.33015060424805,-122.18000030517578,3
37.01115036010742,-122.06650161743164,1
37.06254959106445,-122.02949905395508,1
37.06254959106445,-122.02949905395508,1
37.83930015563965,-122.12300109863281,2
37.815250396728516,-122.16300201416016,2
36.982648849487305,-121.87249755859375,6
36.985450744628906,-122.0374984741211,1
37.815250396728516,-122.16300201416016,2
37.981998443603516,-122.52849960327148,0
37.21529960632324,-122.21649932861328,3
37.06254959106445,-122.02949905395508,1
37.93080139160156,-122.2874984741211,2
38.09270095825195,-122.55500030517578,0
37.815250396728516,-122.16300201416016,2
37.33015060424805,-122.18000030517578,3
37.83289909362793,-122.16550064086914,2
37.154951095581055,-122.19199752807617,3
37.08815002441406,-122.08499908447266,1
37.83930015563965,-122.12300109863281,2
36.985450744628906,-122.0374984741211,1
36.99429893493652,-122.05849838256836,1
37.313499450683594,-122.06399917602539,3
37.86305046081543,-122.22000122070312,2
37.43619918823242,-122.29899978637695,8
37.05125045776367,-121.5364990234375,6
37.89970016479492,-122.24800109863281,2
37.074649810791016,-122.10950088500977,1
37.022600173950195,-121.95449829101562,1
37.33015060424805,-122.18000030517578,3
36.98500061035156,-122.08899688720703,1
37.00379943847656,-122.05550003051758,1
37.15534973144531,-122.23699951171875,3
37.86305046081543,-122.22000122070312,2
36.982648849487305,-121.87249755859375,6
37.81235122680664,-122.18850326538086,2
37.83289909362793,-122.16550064086914,2
37.05125045776367,-121.5364990234375,6
37.83289909362793,-122.16550064086914,2
37.978599548339844,-122.29350280761719,2
37.75764846801758,-122.44400024414062,4
36.985450744628906,-122.0374984741211,1
37.83289909362793,-122.16550064086914,2
37.063499450683594,-122.10299682617188,1
37.063499450683594,-122.10299682617188,1
37.83289909362793,-122.16550064086914,2
36.990400314331055,-122.05899810791016,1
38.204898834228516,-122.52100372314453,0
37.33015060424805,-122.18000030517578,3
37.022600173950195,-121.95449829101562,1
37.39284896850586,-122.31800079345703,8
37.92144966125488,-122.1969985961914,2
37.42254829406738,-122.28800201416016,8
38.09270095825195,-122.55500030517578,0
36.990400314331055,-122.05899810791016,1
37.022600173950195,-121.95449829101562,1
37.89970016479492,-122.24800109863281,2
37.08995056152344,-121.87899780273438,6
37.37125015258789,-122.21299743652344,3
37.063499450683594,-122.10299682617188,1
37.869699478149414,-122.28200149536133,2
36.982648849487305,-121.87249755859375,6
37.86305046081543,-122.22000122070312,2
37.76785087585449,-122.12849807739258,7
37.05125045776367,-121.5364990234375,6
36.982648849487305,-121.87249755859375,6
37.815250396728516,-122.16300201416016,2
37.0841007232666,-122.0615005493164,1
37.978599548339844,-122.29350280761719,2
37.33015060424805,-122.18000030517578,3
37.51210021972656,-122.3499984741211,8
36.982648849487305,-121.87249755859375,6
37.91800117492676,-122.30249786376953,2
38.09270095825195,-122.55500030517578,0
37.90839958190918,-122.2594985961914,2
38.09270095825195,-122.55500030517578,0
37.93080139160156,-122.2874984741211,2
36.990400314331055,-122.05899810791016,1
37.33015060424805,-122.18000030517578,3
37.83930015563965,-122.12300109863281,2
37.124149322509766,-121.98049926757812,1
37.00379943847656,-122.05550003051758,1
37.33015060424805,-122.18000030517578,3
37.746999740600586,-122.06549835205078,7
37.83930015563965,-122.12300109863281,2
37.76785087585449,-122.12849807739258,7
37.33015060424805,-122.18000030517578,3
37.96669960021973,-122.26249694824219,2
37.87140083312988,-121.9175033569336,7
37.25314903259277,-122.19350051879883,3
37.88815116882324,-122.54199981689453,4
37.0841007232666,-122.0615005493164,1
37.33015060424805,-122.18000030517578,3
36.98630142211914,-121.85099792480469,6
37.33015060424805,-122.18000030517578,3
37.31999969482422,-122.26699829101562,3
37.93080139160156,-122.2874984741211,2
36.99419975280762,-122.06550216674805,1
37.07225036621094,-122.06999969482422,1
37.83930015563965,-122.12300109863281,2
37.063499450683594,-122.10299682617188,1
37.88144874572754,-122.18149948120117,2
36.990400314331055,-122.05899810791016,1
37.01115036010742,-122.06650161743164,1
37.33015060424805,-122.18000030517578,3
36.99744987487793,-122.0525016784668,1
37.83289909362793,-122.16550064086914,2
37.07225036621094,-122.06999969482422,1
37.124149322509766,-121.98049926757812,1
38.09270095825195,-122.55500030517578,0
36.982648849487305,-121.87249755859375,6
37.15534973144531,-122.23699951171875,3
37.43619918823242,-122.29899978637695,8
37.83289909362793,-122.16550064086914,2
37.01115036010742,-122.06650161743164,1
37.484500885009766,-122.32749938964844,8
36.96940040588379,-122.06599807739258,1
37.76785087585449,-122.12849807739258,7
36.99429893493652,-122.05849838256836,1
37.84229850769043,-122.19049835205078,2
37.788949966430664,-122.0359992980957,7
37.788949966430664,-122.0359992980957,7
37.83289909362793,-122.16550064086914,2
37.804500579833984,-122.25600051879883,2
37.83289909362793,-122.16550064086914,2
37.87899971008301,-122.14199829101562,2
37.51210021972656,-122.3499984741211,8
37.83289909362793,-122.16550064086914,2
37.08399963378906,-122.0615005493164,1
36.95630073547363,-121.63399887084961,6
36.96870040893555,-121.8385009765625,6
37.815250396728516,-122.16300201416016,2
37.06289863586426,-122.2490005493164,1
37.92264938354492,-122.18149948120117,2
37.18734931945801,-121.85900115966797,6
37.022600173950195,-121.95449829101562,1
37.83289909362793,-122.16550064086914,2
37.05659866333008,-122.1349983215332,1
37.41375160217285,-122.1875,8
37.83289909362793,-122.16550064086914,2
36.995399475097656,-122.04299926757812,1
36.990400314331055,-122.05899810791016,1
36.982648849487305,-121.87249755859375,6
37.87899971008301,-122.14199829101562,2
37.788949966430664,-122.0359992980957,7
36.995399475097656,-122.04299926757812,1
37.80014991760254,-122.16899871826172,2
37.33015060424805,-122.18000030517578,3
36.98500061035156,-122.08899688720703,1
37.55114936828613,-121.96200180053711,7
37.84229850769043,-122.19049835205078,2
37.022600173950195,-121.95449829101562,1
37.806251525878906,-122.21599960327148,2
37.815250396728516,-122.16300201416016,2
37.74419975280762,-122.13699722290039,7
37.88144874572754,-122.18149948120117,2
37.75724983215332,-122.11899948120117,7
37.96669960021973,-122.26249694824219,2
37.788949966430664,-122.0359992980957,7
36.98659896850586,-122.0719985961914,1
36.995399475097656,-122.04299926757812,1
37.815250396728516,-122.16300201416016,2
37.84229850769043,-122.19049835205078,2
36.61734962463379,-121.739501953125,5
37.11910057067871,-122.1245002746582,1
36.98500061035156,-122.08899688720703,1
37.76785087585449,-122.12849807739258,7
36.985450744628906,-122.0374984741211,1
37.41375160217285,-122.1875,8
37.83289909362793,-122.16550064086914,2
37.84229850769043,-122.19049835205078,2
37.0841007232666,-122.0615005493164,1
37.874149322509766,-122.23849868774414,2
37.788949966430664,-122.0359992980957,7
37.95359992980957,-122.0775032043457,2
37.83289909362793,-122.16550064086914,2
37.75724983215332,-122.11899948120117,7
37.34339904785156,-122.1604995727539,3
37.815250396728516,-122.16300201416016,2
37.33015060424805,-122.18000030517578,3
37.83289909362793,-122.16550064086914,2
36.99744987487793,-122.0525016784668,1
37.83289909362793,-122.16550064086914,2
37.18244934082031,-121.92000198364258,6
37.83289909362793,-122.16550064086914,2
36.98500061035156,-122.08899688720703,1
37.84229850769043,-122.19049835205078,2
36.96940040588379,-122.06599807739258,1
37.83289909362793,-122.16550064086914,2
36.98659896850586,-122.0719985961914,1
37.24059867858887,-122.09149932861328,3
36.967899322509766,-121.99200057983398,1
37.978599548339844,-122.29350280761719,2
36.98674964904785,-122.05550003051758,1
37.18244934082031,-121.92000198364258,6
37.874149322509766,-122.23849868774414,2
37.528350830078125,-121.82799911499023,7
36.990400314331055,-122.05899810791016,1
36.990400314331055,-122.05899810791016,1
37.4421501159668,-122.18449783325195,8
37.31999969482422,-122.26699829101562,3
37.33015060424805,-122.18000030517578,3
37.33015060424805,-122.18000030517578,3
37.33015060424805,-122.18000030517578,3
37.80724906921387,-122.15800094604492,2
37.33015060424805,-122.18000030517578,3
37.33015060424805,-122.18000030517578,3
37.26555061340332,-122.10099792480469,3
37.83289909362793,-122.16550064086914,2
37.978599548339844,-122.29350280761719,2
37.83289909362793,-122.16550064086914,2
37.95134925842285,-122.2614974975586,2
37.88144874572754,-122.18149948120117,2
37.83289909362793,-122.16550064086914,2
37.02499961853027,-122.05800247192383,1
37.02499961853027,-122.05800247192383,1
36.985450744628906,-122.0374984741211,1
36.97999954223633,-121.93499755859375,6
37.4421501159668,-122.18449783325195,8
37.893699645996094,-122.12250137329102,2
37.788949966430664,-122.0359992980957,7
36.985450744628906,-122.0374984741211,1
37.788949966430664,-122.0359992980957,7
37.42824935913086,-122.17100143432617,8
37.89970016479492,-122.24800109863281,2
37.90755081176758,-121.94649887084961,7
37.76785087585449,-122.12849807739258,7
37.42824935913086,-122.17100143432617,8
37.167049407958984,-122.31100082397461,3
36.98659896850586,-122.0719985961914,1
37.59955024719238,-122.01850128173828,7
37.74275016784668,-122.12149810791016,7
37.728750228881836,-122.10900115966797,7
37.75724983215332,-122.11899948120117,7
37.0841007232666,-122.0615005493164,1
37.75724983215332,-122.11899948120117,7
38.09270095825195,-122.55500030517578,0
37.4421501159668,-122.18449783325195,8
36.985450744628906,-122.0374984741211,1
37.89970016479492,-122.24800109863281,2
36.982648849487305,-121.87249755859375,6
37.848899841308594,-122.20550155639648,2
37.97724914550781,-122.010498046875,7
37.728750228881836,-122.10900115966797,7
38.09270095825195,-122.55500030517578,0
36.80870056152344,-121.65850067138672,5
37.909000396728516,-122.53849792480469,0
37.815250396728516,-122.16300201416016,2
37.92550086975098,-122.24250030517578,2
37.4421501159668,-122.18449783325195,8
37.788949966430664,-122.0359992980957,7
36.990400314331055,-122.05899810791016,1
37.87140083312988,-121.9175033569336,7
36.80870056152344,-121.65850067138672,5
37.37125015258789,-122.21299743652344,3
37.33015060424805,-122.18000030517578,3
37.52279853820801,-122.37949752807617,8
37.91800117492676,-122.30249786376953,2
37.815250396728516,-122.16300201416016,2
37.4421501159668,-122.18449783325195,8
37.419498443603516,-122.17300033569336,8
37.89970016479492,-122.24800109863281,2
37.36094856262207,-122.12850189208984,3
37.788949966430664,-122.0359992980957,7
37.93479919433594,-122.28899765014648,2
37.75374984741211,-122.13650131225586,7
36.61734962463379,-121.739501953125,5
37.463199615478516,-122.28200149536133,8
37.528350830078125,-121.82799911499023,7
37.691749572753906,-122.05049896240234,7
36.990400314331055,-122.05899810791016,1
37.883649826049805,-122.22200012207031,2
37.86305046081543,-122.22000122070312,2
36.990400314331055,-122.05899810791016,1
37.909250259399414,-121.9849967956543,7
37.83930015563965,-122.12300109863281,2
37.42824935913086,-122.17100143432617,8
37.4421501159668,-122.18449783325195,8
37.528350830078125,-121.82799911499023,7
36.61734962463379,-121.739501953125,5
36.98500061035156,-122.08899688720703,1
36.98500061035156,-122.08899688720703,1
37.788949966430664,-122.0359992980957,7
37.728750228881836,-122.10900115966797,7
36.982648849487305,-121.87249755859375,6
37.788949966430664,-122.0359992980957,7
37.746999740600586,-122.06549835205078,7
36.68095016479492,-121.77750015258789,5
36.93230056762695,-121.80049896240234,6
37.909250259399414,-121.9849967956543,7
37.75724983215332,-122.11899948120117,7
37.06254959106445,-122.02949905395508,1
37.74300003051758,-122.11999893188477,7
37.75724983215332,-122.11899948120117,7
37.39159965515137,-122.18400192260742,3
37.42824935913086,-122.17100143432617,8
37.83930015563965,-122.12300109863281,2
36.98659896850586,-122.0719985961914,1
37.893699645996094,-122.12250137329102,2
37.75724983215332,-122.11899948120117,7
38.09270095825195,-122.55500030517578,0
37.4421501159668,-122.18449783325195,8
37.75724983215332,-122.11899948120117,7
37.4421501159668,-122.18449783325195,8
37.788949966430664,-122.0359992980957,7
37.728750228881836,-122.10900115966797,7
38.09270095825195,-122.55500030517578,0
38.09270095825195,-122.55500030517578,0
37.892799377441406,-122.2665023803711,2
36.95630073547363,-121.63399887084961,6
36.98850059509277,-122.06600189208984,1
37.97249984741211,-122.49650192260742,0
37.788949966430664,-122.0359992980957,7
37.815250396728516,-122.16300201416016,2
37.883649826049805,-122.22200012207031,2
37.75724983215332,-122.11899948120117,7
37.85369873046875,-122.14099884033203,2
37.419498443603516,-122.17300033569336,8
37.883649826049805,-122.22200012207031,2
36.80870056152344,-121.65850067138672,5
37.86305046081543,-122.22000122070312,2
36.985450744628906,-122.0374984741211,1
37.42824935913086,-122.17100143432617,8
37.91800117492676,-122.30249786376953,2
36.88990020751953,-121.6254997253418,6
36.97989845275879,-121.92549896240234,6
37.788949966430664,-122.0359992980957,7
37.87140083312988,-121.9175033569336,7
38.09270095825195,-122.55500030517578,0
37.013601303100586,-122.0719985961914,1
37.75724983215332,-122.11899948120117,7
38.29825019836426,-122.29100036621094,0
37.746999740600586,-122.06549835205078,7
37.905900955200195,-122.22100067138672,2
36.982648849487305,-121.87249755859375,6
37.88144874572754,-122.18149948120117,2
37.90755081176758,-121.94649887084961,7
37.788949966430664,-122.0359992980957,7
37.89970016479492,-122.24800109863281,2
37.87140083312988,-121.9175033569336,7
37.90755081176758,-121.94649887084961,7
37.89970016479492,-122.24800109863281,2
37.75724983215332,-122.11899948120117,7
36.985450744628906,-122.0374984741211,1
37.788949966430664,-122.0359992980957,7
37.728750228881836,-122.10900115966797,7
36.917951583862305,-121.8499984741211,6
37.83930015563965,-122.12300109863281,2
37.788949966430664,-122.0359992980957,7
36.68095016479492,-121.77750015258789,5
37.29079818725586,-122.05900192260742,3
37.815250396728516,-122.16300201416016,2
37.909250259399414,-121.9849967956543,7
37.825448989868164,-122.17300033569336,2
37.18244934082031,-121.92000198364258,6
37.88144874572754,-122.18149948120117,2
37.75724983215332,-122.11899948120117,7
37.04159927368164,-122.1510009765625,1
37.891550064086914,-122.24699783325195,2
37.76900100708008,-122.48350143432617,4
37.751150131225586,-122.4645004272461,4
37.33015060424805,-122.18000030517578,3
37.76900100708008,-122.48350143432617,4
37.76900100708008,-122.48350143432617,4
37.39349937438965,-122.08700180053711,3
37.76900100708008,-122.48350143432617,4
37.01115036010742,-122.06650161743164,1
37.76900100708008,-122.48350143432617,4
37.399200439453125,-122.15849685668945,3
37.39349937438965,-122.08700180053711,3
36.98500061035156,-122.08899688720703,1
37.937049865722656,-122.5359992980957,0
37.76900100708008,-122.48350143432617,4
37.05500030517578,-122.01300048828125,1
37.89984893798828,-122.03700256347656,7
36.6822509765625,-121.7770004272461,5
37.76900100708008,-122.48350143432617,4
37.67745018005371,-122.10599899291992,7
36.99090003967285,-122.06500244140625,1
36.990400314331055,-122.05899810791016,1
37.76900100708008,-122.48350143432617,4
36.990400314331055,-122.05899810791016,1
37.746999740600586,-122.06549835205078,7
37.4364013671875,-122.20349884033203,8
37.76900100708008,-122.48350143432617,4
37.87405014038086,-122.23899841308594,2
37.76900100708008,-122.48350143432617,4
37.08995056152344,-121.87899780273438,6
37.00379943847656,-122.05550003051758,1
36.990400314331055,-122.05899810791016,1
37.76900100708008,-122.48350143432617,4
37.76900100708008,-122.48350143432617,4
37.746999740600586,-122.06549835205078,7
37.36845016479492,-122.09550094604492,3
38.09270095825195,-122.55500030517578,0
37.76900100708008,-122.48350143432617,4
37.87899971008301,-122.27899932861328,2
37.869699478149414,-122.28200149536133,2
37.874149322509766,-122.23849868774414,2
36.985450744628906,-122.0374984741211,1
37.01115036010742,-122.06650161743164,1
37.97220039367676,-122.61950302124023,0
37.46179962158203,-122.25350189208984,8
36.990400314331055,-122.05899810791016,1
36.990400314331055,-122.05899810791016,1
37.909000396728516,-122.53849792480469,0
36.967899322509766,-121.99200057983398,1
37.044349670410156,-122.03049850463867,1
37.81235122680664,-122.18850326538086,2
37.01115036010742,-122.06650161743164,1
36.96805000305176,-121.99250030517578,1
36.985450744628906,-122.0374984741211,1
37.72434997558594,-122.48199844360352,4
36.985450744628906,-122.0374984741211,1
38.00069999694824,-122.34850311279297,2
37.022600173950195,-121.95449829101562,1
37.75764846801758,-122.44400024414062,4
37.07225036621094,-122.06999969482422,1
37.10379981994629,-122.26499938964844,3
37.78070068359375,-122.51399993896484,4
36.93230056762695,-121.80049896240234,6
37.022600173950195,-121.95449829101562,1
37.78070068359375,-122.51399993896484,4
36.982648849487305,-121.87249755859375,6
37.01015090942383,-122.06600189208984,1
37.124149322509766,-121.98049926757812,1
36.98500061035156,-122.08899688720703,1
37.124149322509766,-121.98049926757812,1
37.820499420166016,-122.25299835205078,2
37.022600173950195,-121.95449829101562,1
37.022600173950195,-121.95449829101562,1
37.022600173950195,-121.95449829101562,1
37.73990058898926,-122.4379997253418,4
36.982648849487305,-121.87249755859375,6
37.75764846801758,-122.44400024414062,4
36.566349029541016,-121.9469985961914,5
37.820499420166016,-122.25299835205078,2
37.81235122680664,-122.18850326538086,2
37.8755989074707,-122.24749755859375,2
37.02854919433594,-121.88050079345703,6
37.022600173950195,-121.95449829101562,1
37.820499420166016,-122.25299835205078,2
37.022600173950195,-121.95449829101562,1
37.124149322509766,-121.98049926757812,1
37.064300537109375,-122.03800201416016,1
37.124149322509766,-121.98049926757812,1
37.820499420166016,-122.25299835205078,2
37.01115036010742,-122.06650161743164,1
36.985450744628906,-122.0374984741211,1
37.114898681640625,-122.2614974975586,3
36.98630142211914,-121.85099792480469,6
37.81235122680664,-122.18850326538086,2
37.00379943847656,-122.05550003051758,1
37.02499961853027,-122.05800247192383,1
37.124149322509766,-121.98049926757812,1
36.99279975891113,-122.00400161743164,1
36.96134948730469,-121.77249908447266,6
37.124149322509766,-121.98049926757812,1
37.68014907836914,-121.77249908447266,7
38.06800079345703,-122.74100112915039,0
37.01115036010742,-122.06650161743164,1
37.78070068359375,-122.51399993896484,4
37.13990020751953,-122.33099746704102,3
37.01115036010742,-122.06650161743164,1
37.878299713134766,-122.23550033569336,2
37.124149322509766,-121.98049926757812,1
36.990400314331055,-122.05899810791016,1
36.982648849487305,-121.87249755859375,6
37.71739959716797,-122.49399948120117,4
37.02854919433594,-121.88050079345703,6
37.86305046081543,-122.22000122070312,2
36.56159973144531,-121.86599731445312,5
36.969398498535156,-122.02799987792969,1
37.01115036010742,-122.06650161743164,1
36.98659896850586,-121.9260025024414,6
37.79745101928711,-122.39900207519531,4
37.820499420166016,-122.25299835205078,2
37.815250396728516,-122.16300201416016,2
37.124149322509766,-121.98049926757812,1
36.51515007019043,-121.94599914550781,5
37.75764846801758,-122.44400024414062,4
37.788949966430664,-122.0359992980957,7
37.88144874572754,-122.18149948120117,2
36.982648849487305,-121.87249755859375,6
37.08995056152344,-121.87899780273438,6
37.909000396728516,-122.53849792480469,0
37.01115036010742,-122.06650161743164,1
36.985450744628906,-122.0374984741211,1
36.985450744628906,-122.0374984741211,1
36.99385070800781,-121.89799880981445,6
37.124149322509766,-121.98049926757812,1
37.022600173950195,-121.95449829101562,1
37.78070068359375,-122.51399993896484,4
37.124149322509766,-121.98049926757812,1
37.86305046081543,-122.22000122070312,2
37.01115036010742,-122.06650161743164,1
37.06289863586426,-122.2490005493164,1
36.982648849487305,-121.87249755859375,6
36.99279975891113,-122.00400161743164,1
37.89970016479492,-122.24800109863281,2
37.81235122680664,-122.18850326538086,2
37.820499420166016,-122.25299835205078,2
37.022600173950195,-121.95449829101562,1
37.820499420166016,-122.25299835205078,2
38.06800079345703,-122.74100112915039,0
38.09270095825195,-122.55500030517578,0
37.33015060424805,-122.18000030517578,3
37.01115036010742,-122.06650161743164,1
37.83930015563965,-122.12300109863281,2
37.074649810791016,-122.10950088500977,1
37.978599548339844,-122.29350280761719,2
37.746999740600586,-122.06549835205078,7
37.83930015563965,-122.12300109863281,2
37.04159927368164,-122.1510009765625,1
36.990400314331055,-122.05899810791016,1
37.92264938354492,-122.18149948120117,2
36.99744987487793,-122.0525016784668,1
37.124149322509766,-121.98049926757812,1
37.08995056152344,-121.87899780273438,6
37.83930015563965,-122.12300109863281,2
36.990400314331055,-122.05899810791016,1
37.08995056152344,-121.87899780273438,6
37.08815002441406,-122.08499908447266,1
37.08399963378906,-122.0615005493164,1
37.83930015563965,-122.12300109863281,2
37.815250396728516,-122.16300201416016,2
37.83930015563965,-122.12300109863281,2
37.9370002746582,-122.54850006103516,0
37.074649810791016,-122.10950088500977,1
37.83930015563965,-122.12300109863281,2
37.88144874572754,-122.18149948120117,2
37.99695014953613,-122.48099899291992,0
37.86305046081543,-122.22000122070312,2
37.84229850769043,-122.19049835205078,2
37.55114936828613,-121.96200180053711,7
38.06800079345703,-122.74100112915039,0
38.09270095825195,-122.55500030517578,0
37.124149322509766,-121.98049926757812,1
37.124149322509766,-121.98049926757812,1
38.09270095825195,-122.55500030517578,0
37.83930015563965,-122.12300109863281,2
37.83930015563965,-122.12300109863281,2
37.36989974975586,-122.23600006103516,3
36.982648849487305,-121.87249755859375,6
37.87405014038086,-122.23899841308594,2
37.978599548339844,-122.29350280761719,2
37.84229850769043,-122.19049835205078,2
36.982648849487305,-121.87249755859375,6
37.058349609375,-122.05399703979492,1
37.75724983215332,-122.11899948120117,7
37.75724983215332,-122.11899948120117,7
37.86305046081543,-122.22000122070312,2
37.83289909362793,-122.16550064086914,2
37.21615028381348,-122.30800247192383,3
37.77694892883301,-122.18149948120117,2
37.81235122680664,-122.18850326538086,2
37.90839958190918,-122.2594985961914,2
37.313499450683594,-122.06399917602539,3
36.982648849487305,-121.87249755859375,6
37.33015060424805,-122.18000030517578,3
37.788949966430664,-122.0359992980957,7
37.788949966430664,-122.0359992980957,7
37.124149322509766,-121.98049926757812,1
37.011749267578125,-121.7040023803711,6
37.825448989868164,-122.17300033569336,2
37.34339904785156,-122.1604995727539,3
37.02499961853027,-122.05800247192383,1
37.528350830078125,-121.82799911499023,7
37.89970016479492,-122.24800109863281,2
37.18244934082031,-121.92000198364258,6
36.982648849487305,-121.87249755859375,6
37.978599548339844,-122.29350280761719,2
37.746999740600586,-122.06549835205078,7
37.18244934082031,-121.92000198364258,6
37.01115036010742,-122.06650161743164,1
37.435800552368164,-122.34199905395508,8
36.982648849487305,-121.87249755859375,6
37.1161994934082,-122.06499862670898,1
37.08995056152344,-121.87899780273438,6
36.982648849487305,-121.87249755859375,6
37.022600173950195,-121.95449829101562,1
37.76785087585449,-122.12849807739258,7
37.124149322509766,-121.98049926757812,1
37.43775177001953,-122.36999893188477,8
37.058349609375,-122.05399703979492,1
37.33015060424805,-122.18000030517578,3
37.08995056152344,-121.87899780273438,6
37.75724983215332,-122.11899948120117,7
36.982648849487305,-121.87249755859375,6
37.84990119934082,-122.53100204467773,4
37.90755081176758,-121.94649887084961,7
36.985450744628906,-122.0374984741211,1
37.909250259399414,-121.9849967956543,7
37.746999740600586,-122.06549835205078,7
37.788949966430664,-122.0359992980957,7
37.320749282836914,-122.17899703979492,3
37.124149322509766,-121.98049926757812,1
37.36989974975586,-122.23600006103516,3
37.18244934082031,-121.92000198364258,6
37.788949966430664,-122.0359992980957,7
37.97220039367676,-122.61950302124023,0
37.435800552368164,-122.34199905395508,8
38.29825019836426,-122.29100036621094,0
37.33015060424805,-122.18000030517578,3
37.788949966430664,-122.0359992980957,7
37.435800552368164,-122.34199905395508,8
37.83930015563965,-122.12300109863281,2
37.815250396728516,-122.16300201416016,2
37.167049407958984,-122.31100082397461,3
37.90755081176758,-121.94649887084961,7
37.815250396728516,-122.16300201416016,2
36.995399475097656,-122.04299926757812,1
37.89970016479492,-122.24800109863281,2
37.97220039367676,-122.61950302124023,0
37.124149322509766,-121.98049926757812,1
37.892799377441406,-122.2665023803711,2
37.36989974975586,-122.23600006103516,3
37.892799377441406,-122.2665023803711,2
37.022600173950195,-121.95449829101562,1
37.87405014038086,-122.23899841308594,2
37.33015060424805,-122.18000030517578,3
37.022600173950195,-121.95449829101562,1
37.435800552368164,-122.34199905395508,8
37.892799377441406,-122.2665023803711,2
37.06254959106445,-122.02949905395508,1
36.98630142211914,-121.85099792480469,6
36.982648849487305,-121.87249755859375,6
37.18244934082031,-121.92000198364258,6
37.746999740600586,-122.06549835205078,7
37.124149322509766,-121.98049926757812,1
37.124149322509766,-121.98049926757812,1
37.15534973144531,-122.23699951171875,3
37.663848876953125,-122.05699920654297,7
37.33015060424805,-122.18000030517578,3
36.98500061035156,-122.08899688720703,1
37.7231502532959,-122.05450057983398,7
37.05500030517578,-122.01300048828125,1
37.87140083312988,-121.9175033569336,7
37.022600173950195,-121.95449829101562,1
37.33015060424805,-122.18000030517578,3
37.18244934082031,-121.92000198364258,6
37.815250396728516,-122.16300201416016,2
37.33015060424805,-122.18000030517578,3
37.074649810791016,-122.10950088500977,1
37.124149322509766,-121.98049926757812,1
37.23925018310547,-121.79199981689453,6
37.89970016479492,-122.24800109863281,2
37.380950927734375,-122.13849639892578,3
37.839799880981445,-121.81050109863281,7
37.02499961853027,-122.05800247192383,1
37.18244934082031,-121.92000198364258,6
37.022600173950195,-121.95449829101562,1
37.892799377441406,-122.2665023803711,2
37.77694892883301,-122.18149948120117,2
37.869699478149414,-122.28200149536133,2
36.982648849487305,-121.87249755859375,6
37.15534973144531,-122.23699951171875,3
37.869699478149414,-122.28200149536133,2
36.98500061035156,-122.08899688720703,1
37.8299503326416,-122.19549942016602,2
37.54890060424805,-122.2594985961914,8
37.058349609375,-122.05399703979492,1
37.55139923095703,-122.33499908447266,8
37.83289909362793,-122.16550064086914,2
37.869699478149414,-122.28200149536133,2
37.75764846801758,-122.44400024414062,4
37.78070068359375,-122.51399993896484,4
37.75764846801758,-122.44400024414062,4
37.88144874572754,-122.18149948120117,2
37.08399963378906,-122.0615005493164,1
37.55139923095703,-122.33499908447266,8
37.55139923095703,-122.33499908447266,8
37.862749099731445,-122.31700134277344,2
37.08399963378906,-122.0615005493164,1
37.97809982299805,-122.26849746704102,2
37.8755989074707,-122.24749755859375,2
37.08399963378906,-122.0615005493164,1
37.35459899902344,-122.18499755859375,3
37.93479919433594,-122.28899765014648,2
37.72434997558594,-122.48199844360352,4
36.96160125732422,-122.11299896240234,1
37.77750015258789,-122.51150131225586,4
37.909250259399414,-121.9849967956543,7
37.75764846801758,-122.44400024414062,4
37.55139923095703,-122.33499908447266,8
37.80014991760254,-122.16899871826172,2
37.18574905395508,-122.39300155639648,3
37.862749099731445,-122.31700134277344,2
37.7713508605957,-122.40850067138672,4
37.869699478149414,-122.28200149536133,2
37.44954872131348,-122.14199829101562,8
37.78070068359375,-122.51399993896484,4
37.76900100708008,-122.48350143432617,4
37.75764846801758,-122.44400024414062,4
37.78070068359375,-122.51399993896484,4
37.871150970458984,-122.26449966430664,2
37.08399963378906,-122.0615005493164,1
36.98500061035156,-122.08899688720703,1
37.862749099731445,-122.31700134277344,2
37.441999435424805,-122.11800003051758,3
37.0841007232666,-122.0615005493164,1
37.77750015258789,-122.51150131225586,4
37.87899971008301,-122.27899932861328,2
37.0841007232666,-122.0615005493164,1
37.399200439453125,-122.15849685668945,3
37.869699478149414,-122.28200149536133,2
37.54890060424805,-122.2594985961914,8
37.7588996887207,-122.4214973449707,4
36.982648849487305,-121.87249755859375,6
37.43619918823242,-122.29899978637695,8
37.76544952392578,-122.47749710083008,4
37.75764846801758,-122.44400024414062,4
37.0841007232666,-122.0615005493164,1
37.874149322509766,-122.23849868774414,2
37.75764846801758,-122.44400024414062,4
37.77750015258789,-122.51150131225586,4
37.06254959106445,-122.02949905395508,1
37.76900100708008,-122.48350143432617,4
37.76900100708008,-122.48350143432617,4
37.31439971923828,-122.0634994506836,3
37.874149322509766,-122.23849868774414,2
37.51574897766113,-122.0719985961914,8
37.7681999206543,-122.44100189208984,4
37.76900100708008,-122.48350143432617,4
37.81235122680664,-122.18850326538086,2
37.89970016479492,-122.24800109863281,2
37.55139923095703,-122.33499908447266,8
37.76900100708008,-122.48350143432617,4
37.77029991149902,-122.26599884033203,2
37.54890060424805,-122.2594985961914,8
37.73604965209961,-122.47850036621094,4
37.39349937438965,-122.08700180053711,3
37.892799377441406,-122.2665023803711,2
37.54890060424805,-122.2594985961914,8
37.76900100708008,-122.48350143432617,4
37.84229850769043,-122.19049835205078,2
37.80724906921387,-122.15800094604492,2
37.746999740600586,-122.06549835205078,7
37.00379943847656,-122.05550003051758,1
37.11910057067871,-122.1245002746582,1
37.86305046081543,-122.22000122070312,2
37.36989974975586,-122.23600006103516,3
37.815250396728516,-122.16300201416016,2
37.97809982299805,-122.26849746704102,2
37.31999969482422,-122.26699829101562,3
37.15534973144531,-122.23699951171875,3
37.25314903259277,-122.19350051879883,3
37.3223991394043,-122.21399688720703,3
37.124149322509766,-121.98049926757812,1
37.33015060424805,-122.18000030517578,3
37.106300354003906,-122.10599899291992,1
37.874149322509766,-122.23849868774414,2
37.43619918823242,-122.29899978637695,8
37.074649810791016,-122.10950088500977,1
37.825448989868164,-122.17300033569336,2
37.90329933166504,-122.25500106811523,2
37.03424835205078,-121.88100051879883,6
37.825448989868164,-122.17300033569336,2
37.87405014038086,-122.23899841308594,2
37.15534973144531,-122.23699951171875,3
37.02499961853027,-122.05800247192383,1
37.06254959106445,-122.02949905395508,1
36.995399475097656,-122.04299926757812,1
37.7231502532959,-122.05450057983398,7
37.15534973144531,-122.23699951171875,3
37.15534973144531,-122.23699951171875,3
37.78070068359375,-122.51399993896484,4
37.124149322509766,-121.98049926757812,1
37.124149322509766,-121.98049926757812,1
37.001251220703125,-121.72800064086914,6
37.75724983215332,-122.11899948120117,7
37.746999740600586,-122.06549835205078,7
37.01115036010742,-122.06650161743164,1
37.40310096740723,-122.27449798583984,8
36.982648849487305,-121.87249755859375,6
37.90329933166504,-122.25500106811523,2
37.43619918823242,-122.29899978637695,8
36.995399475097656,-122.04299926757812,1
36.990400314331055,-122.05899810791016,1
37.820749282836914,-122.04750061035156,7
37.746999740600586,-122.06549835205078,7
37.77275085449219,-122.42550277709961,4
37.523000717163086,-122.50849914550781,4
37.8755989074707,-122.24749755859375,2
37.788949966430664,-122.0359992980957,7
37.78070068359375,-122.51399993896484,4
36.985450744628906,-122.0374984741211,1
36.98500061035156,-122.08899688720703,1
37.83930015563965,-122.12300109863281,2
36.81809997558594,-121.73899841308594,5
37.87459945678711,-122.17799758911133,2
36.985450744628906,-122.0374984741211,1
36.51515007019043,-121.94599914550781,5
37.31439971923828,-122.0634994506836,3
38.09270095825195,-122.55500030517578,0
37.83289909362793,-122.16550064086914,2
37.75885009765625,-122.45650100708008,4
36.97999954223633,-121.93499755859375,6
37.54890060424805,-122.2594985961914,8
37.75764846801758,-122.44400024414062,4
37.76900100708008,-122.48350143432617,4
37.76935005187988,-122.48250198364258,4
37.95120048522949,-122.34549713134766,2
38.26880073547363,-122.45550155639648,0
36.95335006713867,-122.02899932861328,1
37.7984504699707,-122.46599960327148,4
38.09270095825195,-122.55500030517578,0
37.39349937438965,-122.08700180053711,3
37.88144874572754,-122.18149948120117,2
37.7984504699707,-122.46599960327148,4
37.39284896850586,-122.31800079345703,8
37.022600173950195,-121.95449829101562,1
37.043949127197266,-122.04949951171875,1
37.86305046081543,-122.22000122070312,2
37.83289909362793,-122.16550064086914,2
36.98375129699707,-122.03799819946289,1
37.86305046081543,-122.22000122070312,2
37.359249114990234,-122.18050003051758,3
37.02499961853027,-122.05800247192383,1
37.15534973144531,-122.23699951171875,3
37.78070068359375,-122.51399993896484,4
37.909250259399414,-121.9849967956543,7
37.86479949951172,-122.3120002746582,2
37.815250396728516,-122.16300201416016,2
37.77694892883301,-122.18149948120117,2
36.995399475097656,-122.04299926757812,1
37.022600173950195,-121.95449829101562,1
37.00379943847656,-122.05550003051758,1
36.917951583862305,-121.8499984741211,6
37.528350830078125,-121.82799911499023,7
37.86090087890625,-122.49200057983398,4
37.51574897766113,-122.0719985961914,8
37.36565017700195,-122.38600158691406,8
37.29349899291992,-122.25849914550781,3
37.87405014038086,-122.23899841308594,2
36.98500061035156,-122.08899688720703,1
36.969398498535156,-122.02799987792969,1
37.39349937438965,-122.08700180053711,3
37.02499961853027,-122.05800247192383,1
37.978599548339844,-122.29350280761719,2
37.89970016479492,-122.24800109863281,2
37.874149322509766,-122.23849868774414,2
36.963600158691406,-122.00700378417969,1
37.76900100708008,-122.48350143432617,4
37.07225036621094,-122.06999969482422,1
37.75764846801758,-122.44400024414062,4
37.99695014953613,-122.48099899291992,0
37.313499450683594,-122.06399917602539,3
37.32270050048828,-122.04700088500977,3
36.985450744628906,-122.0374984741211,1
37.76900100708008,-122.48350143432617,4
37.89970016479492,-122.24800109863281,2
36.6822509765625,-121.7770004272461,5
37.0841007232666,-122.0615005493164,1
37.89000129699707,-122.21249771118164,2
37.862749099731445,-122.31700134277344,2
37.52279853820801,-122.37949752807617,8
37.815250396728516,-122.16300201416016,2
37.633501052856445,-122.42850112915039,4
37.52279853820801,-122.37949752807617,8
37.76900100708008,-122.48350143432617,4
37.33015060424805,-122.18000030517578,3
37.77694892883301,-122.18149948120117,2
37.022600173950195,-121.95449829101562,1
37.33015060424805,-122.18000030517578,3
37.86479949951172,-122.3120002746582,2
37.99514961242676,-122.2765007019043,2
37.3223991394043,-122.21399688720703,3
37.54890060424805,-122.2594985961914,8
37.36094856262207,-122.12850189208984,3
37.75764846801758,-122.44400024414062,4
37.06254959106445,-122.02949905395508,1
37.75724983215332,-122.11899948120117,7
37.833200454711914,-122.51900100708008,4
37.87405014038086,-122.23899841308594,2
37.39284896850586,-122.31800079345703,8
37.76900100708008,-122.48350143432617,4
36.990400314331055,-122.05899810791016,1
37.520999908447266,-122.03049850463867,7
37.76900100708008,-122.48350143432617,4
38.09270095825195,-122.55500030517578,0
36.98630142211914,-121.85099792480469,6
37.463199615478516,-122.28200149536133,8
37.52279853820801,-122.37949752807617,8
36.985450744628906,-122.0374984741211,1
36.95335006713867,-122.02899932861328,1
37.55139923095703,-122.33499908447266,8
37.33015060424805,-122.18000030517578,3
36.98500061035156,-122.08899688720703,1
37.86479949951172,-122.3120002746582,2
37.68014907836914,-121.77249908447266,7
38.09270095825195,-122.55500030517578,0
37.4421501159668,-122.18449783325195,8
37.907649993896484,-122.28750228881836,2
37.76900100708008,-122.48350143432617,4
37.124149322509766,-121.98049926757812,1
37.97724914550781,-122.010498046875,7
37.86305046081543,-122.22000122070312,2
37.83289909362793,-122.16550064086914,2
37.3223991394043,-122.21399688720703,3
36.990400314331055,-122.05899810791016,1
38.09270095825195,-122.55500030517578,0
37.83289909362793,-122.16550064086914,2
37.83289909362793,-122.16550064086914,2
37.54890060424805,-122.2594985961914,8
37.058349609375,-122.05399703979492,1
37.87985038757324,-122.260498046875,2
36.98500061035156,-122.08899688720703,1
37.194549560546875,-122.20499801635742,3
37.83289909362793,-122.16550064086914,2
37.89984893798828,-122.03700256347656,7
37.39349937438965,-122.08700180053711,3
37.76984977722168,-122.43349838256836,4
37.4421501159668,-122.18449783325195,8
37.55139923095703,-122.33499908447266,8
37.33015060424805,-122.18000030517578,3
37.25189971923828,-122.38299942016602,3
37.54890060424805,-122.2594985961914,8
36.990400314331055,-122.05899810791016,1
37.4421501159668,-122.18449783325195,8
36.990400314331055,-122.05899810791016,1
37.32444953918457,-122.04249954223633,3
37.893699645996094,-122.12250137329102,2
36.9901008605957,-122.05649948120117,1
37.97809982299805,-122.26849746704102,2
37.4421501159668,-122.18449783325195,8
37.39349937438965,-122.08700180053711,3
37.40044975280762,-121.93000030517578,3
37.909250259399414,-121.9849967956543,7
37.4377498626709,-121.95949935913086,3
37.380950927734375,-122.13849639892578,3
37.87324905395508,-122.25950241088867,2
37.76900100708008,-122.48350143432617,4
37.39349937438965,-122.08700180053711,3
36.990400314331055,-122.05899810791016,1
37.06254959106445,-122.02949905395508,1
37.4421501159668,-122.18449783325195,8
37.54890060424805,-122.2594985961914,8
37.88409996032715,-122.26899719238281,2
37.7984504699707,-122.46599960327148,4
37.88144874572754,-122.18149948120117,2
37.022600173950195,-121.95449829101562,1
37.885549545288086,-122.26150131225586,2
37.022600173950195,-121.95449829101562,1
37.29079818725586,-122.05900192260742,3
37.441999435424805,-122.11800003051758,3
37.83289909362793,-122.16550064086914,2
37.746999740600586,-122.06549835205078,7
37.87324905395508,-122.25950241088867,2
37.380950927734375,-122.13849639892578,3
37.835350036621094,-122.23949813842773,2
37.43935012817383,-121.96049880981445,3
37.88144874572754,-122.18149948120117,2
37.87335014343262,-122.26449966430664,2
37.233299255371094,-121.95149993896484,1
37.58049964904785,-122.4000015258789,8
37.426950454711914,-122.16699981689453,8
37.76900100708008,-122.48350143432617,4
37.124149322509766,-121.98049926757812,1
37.93510055541992,-122.14500045776367,2
37.874149322509766,-122.23849868774414,2
36.990400314331055,-122.05899810791016,1
37.02854919433594,-121.88050079345703,6
37.75764846801758,-122.44400024414062,4
37.39349937438965,-122.08700180053711,3
37.76900100708008,-122.48350143432617,4
37.91800117492676,-122.30249786376953,2
37.76900100708008,-122.48350143432617,4
36.995399475097656,-122.04299926757812,1
37.73604965209961,-122.47850036621094,4
37.52250099182129,-122.51549911499023,4
37.95134925842285,-122.2614974975586,2
37.87324905395508,-122.25950241088867,2
37.835350036621094,-122.23949813842773,2
37.92005157470703,-122.04349899291992,7
37.87114906311035,-122.260498046875,2
37.53289985656738,-122.36499786376953,8
37.76900100708008,-122.48350143432617,4
37.01015090942383,-122.06600189208984,1
36.990400314331055,-122.05899810791016,1
36.9143009185791,-121.76850128173828,6
37.4421501159668,-122.18449783325195,8
37.88144874572754,-122.18149948120117,2
37.75764846801758,-122.44400024414062,4
37.27894973754883,-122.29700088500977,3
37.33285140991211,-121.88249969482422,3
37.06254959106445,-122.02949905395508,1
37.4421501159668,-122.18449783325195,8
36.990400314331055,-122.05899810791016,1
37.529348373413086,-122.00849914550781,7
37.022600173950195,-121.95449829101562,1
37.11910057067871,-122.1245002746582,1
36.990400314331055,-122.05899810791016,1
37.39284896850586,-122.31800079345703,8
36.990400314331055,-122.05899810791016,1
36.95075035095215,-122.06700134277344,1
36.98500061035156,-122.08899688720703,1
37.83289909362793,-122.16550064086914,2
37.05125045776367,-121.5364990234375,6
37.074649810791016,-122.10950088500977,1
36.98500061035156,-122.08899688720703,1
37.106300354003906,-122.10599899291992,1
36.98500061035156,-122.08899688720703,1
37.33015060424805,-122.18000030517578,3
37.84229850769043,-122.19049835205078,2
37.00379943847656,-122.05550003051758,1
37.83289909362793,-122.16550064086914,2
36.990400314331055,-122.05899810791016,1
37.06254959106445,-122.02949905395508,1
37.97809982299805,-122.26849746704102,2
37.83930015563965,-122.12300109863281,2
37.36989974975586,-122.23600006103516,3
37.06254959106445,-122.02949905395508,1
37.83289909362793,-122.16550064086914,2
37.063499450683594,-122.10299682617188,1
37.124149322509766,-121.98049926757812,1
37.92264938354492,-122.18149948120117,2
36.990400314331055,-122.05899810791016,1
37.11910057067871,-122.1245002746582,1
37.978599548339844,-122.29350280761719,2
37.04225158691406,-121.739501953125,6
36.990400314331055,-122.05899810791016,1
37.83289909362793,-122.16550064086914,2
37.89970016479492,-122.24800109863281,2
37.90839958190918,-122.2594985961914,2
36.990400314331055,-122.05899810791016,1
37.33015060424805,-122.18000030517578,3
37.063499450683594,-122.10299682617188,1
37.124149322509766,-121.98049926757812,1
37.33015060424805,-122.18000030517578,3
37.815250396728516,-122.16300201416016,2
36.990400314331055,-122.05899810791016,1
36.990400314331055,-122.05899810791016,1
37.124149322509766,-121.98049926757812,1
36.99995040893555,-122.0625,1
37.874149322509766,-122.23849868774414,2
37.84229850769043,-122.19049835205078,2
37.15534973144531,-122.23699951171875,3
37.83289909362793,-122.16550064086914,2
37.05659866333008,-122.1349983215332,1
37.022600173950195,-121.95449829101562,1
37.074649810791016,-122.10950088500977,1
37.01115036010742,-122.06650161743164,1
37.92144966125488,-122.1969985961914,2
37.33015060424805,-122.18000030517578,3
36.990400314331055,-122.05899810791016,1
37.11910057067871,-122.1245002746582,1
36.985450744628906,-122.0374984741211,1
36.99429893493652,-122.05849838256836,1
37.33015060424805,-122.18000030517578,3
37.33015060424805,-122.18000030517578,3
36.990400314331055,-122.05899810791016,1
37.83289909362793,-122.16550064086914,2
37.33015060424805,-122.18000030517578,3
37.93510055541992,-122.14500045776367,2
37.93510055541992,-122.14500045776367,2
36.990400314331055,-122.05899810791016,1
36.985450744628906,-122.0374984741211,1
37.33015060424805,-122.18000030517578,3
36.990400314331055,-122.05899810791016,1
37.88144874572754,-122.18149948120117,2
37.074649810791016,-122.10950088500977,1
37.106300354003906,-122.10599899291992,1
36.98500061035156,-122.08899688720703,1
36.990400314331055,-122.05899810791016,1
36.99515151977539,-121.78799819946289,6
37.06254959106445,-122.02949905395508,1
37.15534973144531,-122.23699951171875,3
37.36989974975586,-122.23600006103516,3
37.02000045776367,-122.12950134277344,1
37.83289909362793,-122.16550064086914,2
37.4421501159668,-122.18449783325195,8
37.83289909362793,-122.16550064086914,2
37.95134925842285,-122.2614974975586,2
37.90329933166504,-122.25500106811523,2
37.39349937438965,-122.08700180053711,3
36.995399475097656,-122.04299926757812,1
37.34339904785156,-122.1604995727539,3
37.874149322509766,-122.23849868774414,2
37.124149322509766,-121.98049926757812,1
37.76900100708008,-122.48350143432617,4
37.87969970703125,-122.26799774169922,2
37.95134925842285,-122.2614974975586,2
37.06254959106445,-122.02949905395508,1
37.71739959716797,-122.49399948120117,4
36.868751525878906,-121.81800079345703,6
37.83289909362793,-122.16550064086914,2
37.84229850769043,-122.19049835205078,2
37.15534973144531,-122.23699951171875,3
37.05125045776367,-121.5364990234375,6
37.05125045776367,-121.5364990234375,6
37.84229850769043,-122.19049835205078,2
37.93510055541992,-122.14500045776367,2
37.11910057067871,-122.1245002746582,1
37.909000396728516,-122.53849792480469,0
37.83289909362793,-122.16550064086914,2
37.15534973144531,-122.23699951171875,3
37.167049407958984,-122.31100082397461,3
37.02854919433594,-121.88050079345703,6
37.633501052856445,-122.42850112915039,4
37.124149322509766,-121.98049926757812,1
37.42254829406738,-122.28800201416016,8
37.52279853820801,-122.37949752807617,8
37.00379943847656,-122.05550003051758,1
37.33015060424805,-122.18000030517578,3
37.84229850769043,-122.19049835205078,2
37.86305046081543,-122.22000122070312,2
37.33015060424805,-122.18000030517578,3
37.15534973144531,-122.23699951171875,3
37.97220039367676,-122.61950302124023,0
37.83289909362793,-122.16550064086914,2
37.001251220703125,-121.72800064086914,6
37.33015060424805,-122.18000030517578,3
37.02854919433594,-121.88050079345703,6
37.815250396728516,-122.16300201416016,2
37.01179885864258,-122.0770034790039,1
37.02499961853027,-122.05800247192383,1
37.92264938354492,-122.18149948120117,2
37.83289909362793,-122.16550064086914,2
37.01015090942383,-122.06600189208984,1
37.15534973144531,-122.23699951171875,3
37.83289909362793,-122.16550064086914,2
37.02499961853027,-122.05800247192383,1
37.43619918823242,-122.29899978637695,8
37.83289909362793,-122.16550064086914,2
37.33015060424805,-122.18000030517578,3
37.86305046081543,-122.22000122070312,2
37.15534973144531,-122.23699951171875,3
37.21615028381348,-122.30800247192383,3
36.985450744628906,-122.0374984741211,1
37.33015060424805,-122.18000030517578,3
37.02854919433594,-121.88050079345703,6
38.09270095825195,-122.55500030517578,0
37.15534973144531,-122.23699951171875,3
37.06254959106445,-122.02949905395508,1
37.15534973144531,-122.23699951171875,3
37.33015060424805,-122.18000030517578,3
37.81235122680664,-122.18850326538086,2
37.124149322509766,-121.98049926757812,1
37.02000045776367,-122.12950134277344,1
37.83289909362793,-122.16550064086914,2
37.23925018310547,-121.79199981689453,6
37.15534973144531,-122.23699951171875,3
37.24059867858887,-122.09149932861328,3
37.15534973144531,-122.23699951171875,3
36.990400314331055,-122.05899810791016,1
37.83289909362793,-122.16550064086914,2
37.43775177001953,-122.36999893188477,8
37.92144966125488,-122.1969985961914,2
37.33015060424805,-122.18000030517578,3
37.83289909362793,-122.16550064086914,2
37.90329933166504,-122.25500106811523,2
37.15534973144531,-122.23699951171875,3
37.33015060424805,-122.18000030517578,3
37.29349899291992,-122.25849914550781,3
37.83289909362793,-122.16550064086914,2
37.87405014038086,-122.23899841308594,2
38.09270095825195,-122.55500030517578,0
37.15534973144531,-122.23699951171875,3
37.87405014038086,-122.23899841308594,2
37.90329933166504,-122.25500106811523,2
37.80724906921387,-122.15800094604492,2
36.995399475097656,-122.04299926757812,1
37.15534973144531,-122.23699951171875,3
37.83289909362793,-122.16550064086914,2
37.3223991394043,-122.21399688720703,3
37.874149322509766,-122.23849868774414,2
37.883649826049805,-122.22200012207031,2
37.4366512298584,-122.36549758911133,8
36.990400314331055,-122.05899810791016,1
37.124149322509766,-121.98049926757812,1
37.07225036621094,-122.06999969482422,1
37.02499961853027,-122.05800247192383,1
37.022600173950195,-121.95449829101562,1
37.33015060424805,-122.18000030517578,3
37.01015090942383,-122.06600189208984,1
37.25710105895996,-122.24699783325195,3
37.27894973754883,-122.29700088500977,3
37.33015060424805,-122.18000030517578,3
36.98500061035156,-122.08899688720703,1
37.063499450683594,-122.10299682617188,1
37.33015060424805,-122.18000030517578,3
37.02499961853027,-122.05800247192383,1
37.24059867858887,-122.09149932861328,3
37.33015060424805,-122.18000030517578,3
37.33015060424805,-122.18000030517578,3
37.36989974975586,-122.23600006103516,3
37.07225036621094,-122.06999969482422,1
37.06254959106445,-122.02949905395508,1
37.11910057067871,-122.1245002746582,1
36.99744987487793,-122.0525016784668,1
37.124149322509766,-121.98049926757812,1
37.38949966430664,-122.16150283813477,3
36.990400314331055,-122.05899810791016,1
37.01700019836426,-122.04049682617188,1
37.02499961853027,-122.05800247192383,1
37.42254829406738,-122.28800201416016,8
37.8973503112793,-122.25550079345703,2
37.167049407958984,-122.31100082397461,3
37.00379943847656,-122.05550003051758,1
37.36989974975586,-122.23600006103516,3
37.15534973144531,-122.23699951171875,3
36.995399475097656,-122.04299926757812,1
36.995399475097656,-122.04299926757812,1
37.07225036621094,-122.06999969482422,1
37.02854919433594,-121.88050079345703,6
37.874149322509766,-122.23849868774414,2
37.33015060424805,-122.18000030517578,3
37.003700256347656,-122.05949783325195,1
37.38949966430664,-122.16150283813477,3
37.33015060424805,-122.18000030517578,3
37.08399963378906,-122.0615005493164,1
37.42254829406738,-122.28800201416016,8
37.33015060424805,-122.18000030517578,3
37.058349609375,-122.05399703979492,1
37.83289909362793,-122.16550064086914,2
37.33015060424805,-122.18000030517578,3
37.00379943847656,-122.05550003051758,1
37.83289909362793,-122.16550064086914,2
37.83289909362793,-122.16550064086914,2
37.92264938354492,-122.18149948120117,2
37.0841007232666,-122.0615005493164,1
37.074750900268555,-122.04299926757812,1
37.43619918823242,-122.29899978637695,8
37.14234924316406,-122.15349960327148,1
37.33015060424805,-122.18000030517578,3
37.83930015563965,-122.12300109863281,2
37.33015060424805,-122.18000030517578,3
36.96805000305176,-121.99250030517578,1
37.33015060424805,-122.18000030517578,3
37.55139923095703,-122.33499908447266,8
36.990400314331055,-122.05899810791016,1
37.33015060424805,-122.18000030517578,3
36.985450744628906,-122.0374984741211,1
37.88144874572754,-122.18149948120117,2
37.01015090942383,-122.06600189208984,1
37.83289909362793,-122.16550064086914,2
36.6822509765625,-121.7770004272461,5
37.33015060424805,-122.18000030517578,3
37.76900100708008,-122.48350143432617,4
36.982648849487305,-121.87249755859375,6
37.29079818725586,-122.05900192260742,3
37.33015060424805,-122.18000030517578,3
37.40310096740723,-122.27449798583984,8
37.83289909362793,-122.16550064086914,2
37.07225036621094,-122.06999969482422,1
36.990400314331055,-122.05899810791016,1
37.4421501159668,-122.18449783325195,8
37.33015060424805,-122.18000030517578,3
37.02499961853027,-122.05800247192383,1
37.33015060424805,-122.18000030517578,3
37.87899971008301,-122.27899932861328,2
37.33015060424805,-122.18000030517578,3
37.313499450683594,-122.06399917602539,3
37.628000259399414,-122.01399993896484,7
37.43619918823242,-122.29899978637695,8
37.33015060424805,-122.18000030517578,3
37.00379943847656,-122.05550003051758,1
37.53289985656738,-122.36499786376953,8
36.985450744628906,-122.0374984741211,1
37.18495178222656,-122.1775016784668,3
37.33015060424805,-122.18000030517578,3
37.02499961853027,-122.05800247192383,1
37.83289909362793,-122.16550064086914,2
37.33015060424805,-122.18000030517578,3
36.596500396728516,-121.86899948120117,5
37.063499450683594,-122.10299682617188,1
37.00379943847656,-122.05550003051758,1
37.33015060424805,-122.18000030517578,3
37.355051040649414,-122.15600204467773,3
37.97809982299805,-122.26849746704102,2
37.33015060424805,-122.18000030517578,3
37.06254959106445,-122.02949905395508,1
38.09270095825195,-122.55500030517578,0
36.995399475097656,-122.04299926757812,1
36.969398498535156,-122.02799987792969,1
37.0841007232666,-122.0615005493164,1
36.995399475097656,-122.04299926757812,1
37.37125015258789,-122.21299743652344,3
36.995399475097656,-122.04299926757812,1
37.463199615478516,-122.28200149536133,8
38.09270095825195,-122.55500030517578,0
37.08995056152344,-121.87899780273438,6
37.313499450683594,-122.06399917602539,3
37.33540153503418,-122.135498046875,3
37.11910057067871,-122.1245002746582,1
37.0841007232666,-122.0615005493164,1
37.08399963378906,-122.0615005493164,1
37.09645080566406,-121.54150009155273,6
38.09270095825195,-122.55500030517578,0
37.42254829406738,-122.28800201416016,8
38.24235153198242,-122.13949966430664,2
36.995399475097656,-122.04299926757812,1
37.02499961853027,-122.05800247192383,1
37.33015060424805,-122.18000030517578,3
38.09270095825195,-122.55500030517578,0
37.87140083312988,-121.9175033569336,7
37.15534973144531,-122.23699951171875,3
37.06254959106445,-122.02949905395508,1
37.0841007232666,-122.0615005493164,1
37.93510055541992,-122.14500045776367,2
37.93510055541992,-122.14500045776367,2
37.83289909362793,-122.16550064086914,2
37.81865119934082,-122.14300155639648,2
37.04134941101074,-122.07100296020508,1
37.33015060424805,-122.18000030517578,3
37.93510055541992,-122.14500045776367,2
37.87140083312988,-121.9175033569336,7
37.61640167236328,-122.47900009155273,4
37.56010055541992,-122.50199890136719,4
36.99114990234375,-122.0530014038086,1
36.98630142211914,-121.85099792480469,6
37.820749282836914,-122.04750061035156,7
37.878299713134766,-122.23550033569336,2
36.963600158691406,-122.00700378417969,1
37.08399963378906,-122.0615005493164,1
37.83289909362793,-122.16550064086914,2
37.06254959106445,-122.02949905395508,1
37.815250396728516,-122.16300201416016,2
37.124149322509766,-121.98049926757812,1
37.33015060424805,-122.18000030517578,3
37.75374984741211,-122.13650131225586,7
36.985450744628906,-122.0374984741211,1
36.990400314331055,-122.05899810791016,1
37.92144966125488,-122.1969985961914,2
36.995399475097656,-122.04299926757812,1
37.33015060424805,-122.18000030517578,3
37.320749282836914,-122.17899703979492,3
37.022600173950195,-121.95449829101562,1
37.4421501159668,-122.18449783325195,8
37.15534973144531,-122.23699951171875,3
37.746999740600586,-122.06549835205078,7
37.883649826049805,-122.22200012207031,2
37.320749282836914,-122.17899703979492,3
37.33015060424805,-122.18000030517578,3
37.245100021362305,-122.14400100708008,3
37.04159927368164,-122.1510009765625,1
37.4421501159668,-122.18449783325195,8
37.88344955444336,-122.19250106811523,2
37.33015060424805,-122.18000030517578,3
37.064300537109375,-122.03800201416016,1
37.33015060424805,-122.18000030517578,3
37.23925018310547,-121.79199981689453,6
36.985450744628906,-122.0374984741211,1
37.874149322509766,-122.23849868774414,2
37.33015060424805,-122.18000030517578,3
37.508399963378906,-122.31100082397461,8
37.05125045776367,-121.5364990234375,6
37.55139923095703,-122.33499908447266,8
37.39055061340332,-122.13800048828125,3
36.995399475097656,-122.04299926757812,1
37.892799377441406,-122.2665023803711,2
38.09270095825195,-122.55500030517578,0
36.955650329589844,-122.04549789428711,1
37.628000259399414,-122.01399993896484,7
37.022600173950195,-121.95449829101562,1
37.874149322509766,-122.23849868774414,2
37.79034996032715,-122.16450119018555,2
36.97999954223633,-121.93499755859375,6
37.4421501159668,-122.18449783325195,8
37.435800552368164,-122.34199905395508,8
38.09270095825195,-122.55500030517578,0
37.4421501159668,-122.18449783325195,8
37.7231502532959,-122.05450057983398,7
37.33015060424805,-122.18000030517578,3
36.982648849487305,-121.87249755859375,6
37.87899971008301,-122.14199829101562,2
37.43775177001953,-122.36999893188477,8
37.33015060424805,-122.18000030517578,3
36.6822509765625,-121.7770004272461,5
37.905900955200195,-122.22100067138672,2
37.01115036010742,-122.06650161743164,1
37.33015060424805,-122.18000030517578,3
37.86305046081543,-122.22000122070312,2
37.92550086975098,-122.24250030517578,2
37.0841007232666,-122.0615005493164,1
37.245100021362305,-122.14400100708008,3
37.75724983215332,-122.11899948120117,7
37.833200454711914,-122.51900100708008,4
37.80084991455078,-122.12649917602539,2
37.022600173950195,-121.95449829101562,1
37.58049964904785,-122.4000015258789,8
37.87140083312988,-121.9175033569336,7
37.458499908447266,-122.32450103759766,8
37.05125045776367,-121.5364990234375,6
37.869699478149414,-122.28200149536133,2
37.39349937438965,-122.08700180053711,3
37.55139923095703,-122.33499908447266,8
37.87899971008301,-122.27899932861328,2
37.4421501159668,-122.18449783325195,8
37.869699478149414,-122.28200149536133,2
37.869699478149414,-122.28200149536133,2
37.869699478149414,-122.28200149536133,2
37.4421501159668,-122.18449783325195,8
37.06254959106445,-122.02949905395508,1
37.55139923095703,-122.33499908447266,8
37.88144874572754,-122.18149948120117,2
37.00379943847656,-122.05550003051758,1
37.4421501159668,-122.18449783325195,8
37.76900100708008,-122.48350143432617,4
37.87594985961914,-122.28050231933594,2
37.4421501159668,-122.18449783325195,8
37.86495018005371,-122.24850082397461,2
37.87594985961914,-122.28050231933594,2
37.87594985961914,-122.28050231933594,2
37.874900817871094,-122.28049850463867,2
37.869699478149414,-122.28200149536133,2
37.90329933166504,-122.25500106811523,2
37.4421501159668,-122.18449783325195,8
37.47570037841797,-122.2390022277832,8
37.4421501159668,-122.18449783325195,8
37.835350036621094,-122.23949813842773,2
37.86520004272461,-122.23300170898438,2
37.87985038757324,-122.260498046875,2
37.92864990234375,-122.51800155639648,0
38.09270095825195,-122.55500030517578,0
37.87594985961914,-122.28050231933594,2
37.874149322509766,-122.23849868774414,2
37.835350036621094,-122.23949813842773,2
37.55114936828613,-121.96200180053711,7
37.4364013671875,-122.20349884033203,8
36.995399475097656,-122.04299926757812,1
37.835350036621094,-122.23949813842773,2
37.28084945678711,-121.95699691772461,3
37.54825019836426,-122.28700256347656,8
37.55139923095703,-122.33499908447266,8
37.86415100097656,-122.25650024414062,2
37.68014907836914,-121.77249908447266,7
37.87324905395508,-122.25950241088867,2
36.99114990234375,-122.0530014038086,1
37.90839958190918,-122.2594985961914,2
36.56159973144531,-121.86599731445312,5
37.54890060424805,-122.2594985961914,8
37.124149322509766,-121.98049926757812,1
37.833200454711914,-122.51900100708008,4
36.990400314331055,-122.05899810791016,1
37.909000396728516,-122.53849792480469,0
37.60905075073242,-122.42250061035156,4
36.990400314331055,-122.05899810791016,1
37.815250396728516,-122.16300201416016,2
37.77694892883301,-122.18149948120117,2
37.435800552368164,-122.34199905395508,8
37.022600173950195,-121.95449829101562,1
37.06254959106445,-122.02949905395508,1
37.85219955444336,-122.19500350952148,2
37.8755989074707,-122.24749755859375,2
37.893348693847656,-122.24300003051758,2
37.72434997558594,-122.48199844360352,4
36.58749961853027,-121.94650268554688,5
37.815250396728516,-122.16300201416016,2
38.07044982910156,-122.54299926757812,0
37.83289909362793,-122.16550064086914,2
37.33015060424805,-122.18000030517578,3
37.815250396728516,-122.16300201416016,2
37.43619918823242,-122.29899978637695,8
37.33015060424805,-122.18000030517578,3
37.75724983215332,-122.11899948120117,7
37.75374984741211,-122.13650131225586,7
37.37125015258789,-122.21299743652344,3
37.01740074157715,-122.09600067138672,1
37.4421501159668,-122.18449783325195,8
38.09270095825195,-122.55500030517578,0
37.15534973144531,-122.23699951171875,3
37.435800552368164,-122.34199905395508,8
37.84229850769043,-122.19049835205078,2
37.815250396728516,-122.16300201416016,2
38.09270095825195,-122.55500030517578,0
37.788949966430664,-122.0359992980957,7
36.800649642944336,-121.6780014038086,5
37.15534973144531,-122.23699951171875,3
36.93659973144531,-121.86499786376953,6
37.528350830078125,-121.82799911499023,7
37.89970016479492,-122.24800109863281,2
38.09270095825195,-122.55500030517578,0
37.8755989074707,-122.24749755859375,2
37.33015060424805,-122.18000030517578,3
37.124149322509766,-121.98049926757812,1
37.81235122680664,-122.18850326538086,2
37.06254959106445,-122.02949905395508,1
37.42254829406738,-122.28800201416016,8
36.99385070800781,-121.89799880981445,6
37.90329933166504,-122.25500106811523,2
37.02854919433594,-121.88050079345703,6
37.33015060424805,-122.18000030517578,3
37.75724983215332,-122.11899948120117,7
37.7231502532959,-122.05450057983398,7
37.0841007232666,-122.0615005493164,1
37.85219955444336,-122.19500350952148,2
37.825448989868164,-122.17300033569336,2
37.717050552368164,-122.42250061035156,4
37.86305046081543,-122.22000122070312,2
37.746999740600586,-122.06549835205078,7
37.87899971008301,-122.27899932861328,2
36.96940040588379,-122.06599807739258,1
36.985450744628906,-122.0374984741211,1
37.815250396728516,-122.16300201416016,2
37.892799377441406,-122.2665023803711,2
37.33015060424805,-122.18000030517578,3
37.15534973144531,-122.23699951171875,3
38.09270095825195,-122.55500030517578,0
36.985450744628906,-122.0374984741211,1
37.8755989074707,-122.24749755859375,2
37.83289909362793,-122.16550064086914,2
38.09270095825195,-122.55500030517578,0
37.064300537109375,-122.03800201416016,1
37.92550086975098,-122.24250030517578,2
37.435800552368164,-122.34199905395508,8
37.84229850769043,-122.19049835205078,2
37.81235122680664,-122.18850326538086,2
38.09270095825195,-122.55500030517578,0
37.84229850769043,-122.19049835205078,2
37.80724906921387,-122.15800094604492,2
37.458499908447266,-122.32450103759766,8
37.124149322509766,-121.98049926757812,1
37.83289909362793,-122.16550064086914,2
37.33015060424805,-122.18000030517578,3
37.81235122680664,-122.18850326538086,2
37.08995056152344,-121.87899780273438,6
37.08399963378906,-122.0615005493164,1
37.89970016479492,-122.24800109863281,2
37.124149322509766,-121.98049926757812,1
36.80870056152344,-121.65850067138672,5
37.848899841308594,-122.20550155639648,2
37.746999740600586,-122.06549835205078,7
36.995399475097656,-122.04299926757812,1
37.02499961853027,-122.05800247192383,1
37.83930015563965,-122.12300109863281,2
36.969398498535156,-122.02799987792969,1
36.982648849487305,-121.87249755859375,6
37.124149322509766,-121.98049926757812,1
37.23564910888672,-122.01000213623047,3
37.24059867858887,-122.09149932861328,3
37.84229850769043,-122.19049835205078,2
37.33015060424805,-122.18000030517578,3
36.98500061035156,-122.08899688720703,1
37.81235122680664,-122.18850326538086,2
37.00434875488281,-121.86650085449219,6
37.08399963378906,-122.0615005493164,1
37.81235122680664,-122.18850326538086,2
37.245100021362305,-122.14400100708008,3
37.02499961853027,-122.05800247192383,1
37.022600173950195,-121.95449829101562,1
37.76785087585449,-122.12849807739258,7
37.84990119934082,-122.53100204467773,4
37.815250396728516,-122.16300201416016,2
37.81235122680664,-122.18850326538086,2
37.435800552368164,-122.34199905395508,8
37.75724983215332,-122.11899948120117,7
37.08399963378906,-122.0615005493164,1
37.33015060424805,-122.18000030517578,3
37.815250396728516,-122.16300201416016,2
36.985450744628906,-122.0374984741211,1
37.02499961853027,-122.05800247192383,1
36.985450744628906,-122.0374984741211,1
38.09270095825195,-122.55500030517578,0
37.064300537109375,-122.03800201416016,1
37.815250396728516,-122.16300201416016,2
37.42824935913086,-122.17100143432617,8
36.81269836425781,-121.71500015258789,5
37.75724983215332,-122.11899948120117,7
37.89970016479492,-122.24800109863281,2
37.97220039367676,-122.61950302124023,0
37.36989974975586,-122.23600006103516,3
37.86305046081543,-122.22000122070312,2
37.848899841308594,-122.20550155639648,2
36.98630142211914,-121.85099792480469,6
37.628000259399414,-122.01399993896484,7
36.56159973144531,-121.86599731445312,5
37.835350036621094,-122.23949813842773,2
37.4421501159668,-122.18449783325195,8
37.75724983215332,-122.11899948120117,7
37.75724983215332,-122.11899948120117,7
37.18244934082031,-121.92000198364258,6
37.4421501159668,-122.18449783325195,8
36.61734962463379,-121.739501953125,5
37.746999740600586,-122.06549835205078,7
37.7231502532959,-122.05450057983398,7
37.31439971923828,-122.0634994506836,3
37.820749282836914,-122.04750061035156,7
37.75724983215332,-122.11899948120117,7
37.4421501159668,-122.18449783325195,8
37.013601303100586,-122.0719985961914,1
36.982648849487305,-121.87249755859375,6
37.87140083312988,-121.9175033569336,7
37.38039970397949,-121.7854995727539,6
38.07044982910156,-122.54299926757812,0
37.825448989868164,-122.17300033569336,2
37.4421501159668,-122.18449783325195,8
37.0841007232666,-122.0615005493164,1
37.815250396728516,-122.16300201416016,2
36.990400314331055,-122.05899810791016,1
37.81235122680664,-122.18850326538086,2
37.92550086975098,-122.24250030517578,2
36.9851016998291,-122.0459976196289,1
37.89970016479492,-122.24800109863281,2
36.985450744628906,-122.0374984741211,1
36.971248626708984,-122.04449844360352,1
37.80724906921387,-122.15800094604492,2
36.995399475097656,-122.04299926757812,1
37.95134925842285,-122.2614974975586,2
37.788949966430664,-122.0359992980957,7
37.8755989074707,-122.24749755859375,2
37.08399963378906,-122.0615005493164,1
37.80014991760254,-122.16899871826172,2
37.58049964904785,-122.4000015258789,8
37.42410087585449,-122.26800155639648,8
37.058349609375,-122.05399703979492,1
37.02499961853027,-122.05800247192383,1
37.0841007232666,-122.0615005493164,1
37.4421501159668,-122.18449783325195,8
37.0841007232666,-122.0615005493164,1
37.89430046081543,-122.30500030517578,2
37.86495018005371,-122.24850082397461,2
37.124149322509766,-121.98049926757812,1
37.89970016479492,-122.24800109863281,2
36.995399475097656,-122.04299926757812,1
37.55520057678223,-122.36149978637695,8
37.76900100708008,-122.48350143432617,4
37.83289909362793,-122.16550064086914,2
36.995399475097656,-122.04299926757812,1
37.874149322509766,-122.23849868774414,2
37.55139923095703,-122.33499908447266,8
37.02854919433594,-121.88050079345703,6
37.77215003967285,-122.44700241088867,4
37.83289909362793,-122.16550064086914,2
37.42410087585449,-122.26800155639648,8
37.893699645996094,-122.12250137329102,2
37.82575035095215,-122.17699813842773,2
37.87825012207031,-122.23649978637695,2
37.788949966430664,-122.0359992980957,7
37.9822998046875,-122.51350021362305,0
37.76900100708008,-122.48350143432617,4
37.84229850769043,-122.19049835205078,2
37.60905075073242,-122.42250061035156,4
37.89970016479492,-122.24800109863281,2
37.06254959106445,-122.02949905395508,1
37.83289909362793,-122.16550064086914,2
36.97475051879883,-122.03299713134766,1
37.39349937438965,-122.08700180053711,3
37.871150970458984,-122.26449966430664,2
37.022600173950195,-121.95449829101562,1
37.420400619506836,-122.2145004272461,8
37.55520057678223,-122.36149978637695,8
37.875,-122.25349807739258,2
36.995399475097656,-122.04299926757812,1
37.124149322509766,-121.98049926757812,1
36.98630142211914,-121.85099792480469,6
36.95705032348633,-122.04050064086914,1
37.08399963378906,-122.0615005493164,1
37.87335014343262,-122.26449966430664,2
36.990400314331055,-122.05899810791016,1
37.76900100708008,-122.48350143432617,4
37.87825012207031,-122.23649978637695,2
37.87335014343262,-122.26449966430664,2
37.83289909362793,-122.16550064086914,2
37.86305046081543,-122.22000122070312,2
37.86149978637695,-122.43249893188477,4
37.76900100708008,-122.48350143432617,4
37.86305046081543,-122.22000122070312,2
37.08399963378906,-122.0615005493164,1
37.87899971008301,-122.27899932861328,2
37.124149322509766,-121.98049926757812,1
37.83289909362793,-122.16550064086914,2
37.83289909362793,-122.16550064086914,2
37.124149322509766,-121.98049926757812,1
37.06254959106445,-122.02949905395508,1
37.83289909362793,-122.16550064086914,2
37.92264938354492,-122.18149948120117,2
37.92144966125488,-122.1969985961914,2
37.83289909362793,-122.16550064086914,2
37.83930015563965,-122.12300109863281,2
37.87140083312988,-121.9175033569336,7
37.08995056152344,-121.87899780273438,6
37.83289909362793,-122.16550064086914,2
38.09270095825195,-122.55500030517578,0
38.12755012512207,-122.53900146484375,0
37.83289909362793,-122.16550064086914,2
37.02854919433594,-121.88050079345703,6
37.83930015563965,-122.12300109863281,2
37.728750228881836,-122.10900115966797,7
37.15880012512207,-122.21549987792969,3
37.83289909362793,-122.16550064086914,2
37.83289909362793,-122.16550064086914,2
37.83289909362793,-122.16550064086914,2
37.83289909362793,-122.16550064086914,2
37.01740074157715,-122.09600067138672,1
37.08399963378906,-122.0615005493164,1
37.83289909362793,-122.16550064086914,2
37.154951095581055,-122.19199752807617,3
37.978599548339844,-122.29350280761719,2
37.83289909362793,-122.16550064086914,2
37.022600173950195,-121.95449829101562,1
37.83289909362793,-122.16550064086914,2
38.09270095825195,-122.55500030517578,0
37.124149322509766,-121.98049926757812,1
36.990400314331055,-122.05899810791016,1
37.92264938354492,-122.18149948120117,2
37.92264938354492,-122.18149948120117,2
37.83289909362793,-122.16550064086914,2
37.92144966125488,-122.1969985961914,2
37.83289909362793,-122.16550064086914,2
37.96669960021973,-122.26249694824219,2
37.11910057067871,-122.1245002746582,1
36.990400314331055,-122.05899810791016,1
37.124149322509766,-121.98049926757812,1
37.08995056152344,-121.87899780273438,6
37.01179885864258,-122.0770034790039,1
37.01115036010742,-122.06650161743164,1
37.728750228881836,-122.10900115966797,7
37.83289909362793,-122.16550064086914,2
37.23925018310547,-121.79199981689453,6
37.978599548339844,-122.29350280761719,2
37.76900100708008,-122.48350143432617,4
37.73340034484863,-122.41999816894531,4
36.982648849487305,-121.87249755859375,6
36.963199615478516,-122.03099822998047,1
37.52279853820801,-122.37949752807617,8
37.839500427246094,-122.30850219726562,2
37.08399963378906,-122.0615005493164,1
36.990400314331055,-122.05899810791016,1
37.124149322509766,-121.98049926757812,1
37.7231502532959,-122.05450057983398,7
37.815250396728516,-122.16300201416016,2
37.33015060424805,-122.18000030517578,3
37.92550086975098,-122.24250030517578,2
37.23925018310547,-121.79199981689453,6
37.33015060424805,-122.18000030517578,3
36.99439811706543,-122.06750106811523,1
37.124149322509766,-121.98049926757812,1
37.88144874572754,-122.18149948120117,2
37.909250259399414,-121.9849967956543,7
36.917951583862305,-121.8499984741211,6
37.523000717163086,-122.50849914550781,4
37.68014907836914,-121.77249908447266,7
36.97999954223633,-121.93499755859375,6
37.02854919433594,-121.88050079345703,6
37.75374984741211,-122.13650131225586,7
36.969398498535156,-122.02799987792969,1
37.75724983215332,-122.11899948120117,7
37.23394966125488,-121.86750030517578,6
37.4737491607666,-122.4474983215332,8
38.2325496673584,-122.03350067138672,2
37.8755989074707,-122.24749755859375,2
38.24844932556152,-122.13249969482422,2
38.26554870605469,-122.23450088500977,0
37.77215003967285,-122.44700241088867,4
37.87899971008301,-122.14199829101562,2
37.788949966430664,-122.0359992980957,7
37.835350036621094,-122.23949813842773,2
37.528350830078125,-121.82799911499023,7
37.33015060424805,-122.18000030517578,3
37.124149322509766,-121.98049926757812,1
37.978599548339844,-122.29350280761719,2
36.990400314331055,-122.05899810791016,1
37.909250259399414,-121.9849967956543,7
37.33015060424805,-122.18000030517578,3
36.98659896850586,-122.0719985961914,1
36.98500061035156,-122.08899688720703,1
37.0841007232666,-122.0615005493164,1
37.06254959106445,-122.02949905395508,1
37.83289909362793,-122.16550064086914,2
37.15534973144531,-122.23699951171875,3
37.88144874572754,-122.18149948120117,2
36.98500061035156,-122.08899688720703,1
36.98659896850586,-122.0719985961914,1
37.01115036010742,-122.06650161743164,1
37.88144874572754,-122.18149948120117,2
37.0841007232666,-122.0615005493164,1
37.02499961853027,-122.05800247192383,1
36.98500061035156,-122.08899688720703,1
36.98500061035156,-122.08899688720703,1
37.05659866333008,-122.1349983215332,1
37.39349937438965,-122.08700180053711,3
37.0841007232666,-122.0615005493164,1
36.61734962463379,-121.739501953125,5
37.42410087585449,-122.26800155639648,8
37.88144874572754,-122.18149948120117,2
37.8702507019043,-122.11100006103516,2
37.76900100708008,-122.48350143432617,4
36.98500061035156,-122.08899688720703,1
37.88144874572754,-122.18149948120117,2
36.98500061035156,-122.08899688720703,1
37.77694892883301,-122.18149948120117,2
36.99429893493652,-122.05849838256836,1
37.01115036010742,-122.06650161743164,1
36.98500061035156,-122.08899688720703,1
36.98500061035156,-122.08899688720703,1
36.98500061035156,-122.08899688720703,1
37.88144874572754,-122.18149948120117,2
37.92144966125488,-122.1969985961914,2
36.98500061035156,-122.08899688720703,1
37.820749282836914,-122.04750061035156,7
36.98500061035156,-122.08899688720703,1
36.98500061035156,-122.08899688720703,1
36.98500061035156,-122.08899688720703,1
36.98500061035156,-122.08899688720703,1
36.98500061035156,-122.08899688720703,1
36.98500061035156,-122.08899688720703,1
36.98500061035156,-122.08899688720703,1
36.98500061035156,-122.08899688720703,1
37.92144966125488,-122.1969985961914,2
37.909250259399414,-121.9849967956543,7
36.98500061035156,-122.08899688720703,1
36.98500061035156,-122.08899688720703,1
36.98500061035156,-122.08899688720703,1
36.98500061035156,-122.08899688720703,1
36.98500061035156,-122.08899688720703,1
36.98500061035156,-122.08899688720703,1
36.98500061035156,-122.08899688720703,1
37.88144874572754,-122.18149948120117,2
36.98500061035156,-122.08899688720703,1
36.98500061035156,-122.08899688720703,1
36.98500061035156,-122.08899688720703,1
37.06289863586426,-122.2490005493164,1
36.98500061035156,-122.08899688720703,1
36.98500061035156,-122.08899688720703,1
36.98500061035156,-122.08899688720703,1
37.83930015563965,-122.12300109863281,2
36.98500061035156,-122.08899688720703,1
36.98500061035156,-122.08899688720703,1
37.820749282836914,-122.04750061035156,7
36.98500061035156,-122.08899688720703,1
37.820749282836914,-122.04750061035156,7
36.98500061035156,-122.08899688720703,1
36.98500061035156,-122.08899688720703,1
36.98500061035156,-122.08899688720703,1
36.98500061035156,-122.08899688720703,1
36.98500061035156,-122.08899688720703,1
37.76900100708008,-122.48350143432617,4
36.98500061035156,-122.08899688720703,1
36.98500061035156,-122.08899688720703,1
36.98500061035156,-122.08899688720703,1
36.98500061035156,-122.08899688720703,1
36.98500061035156,-122.08899688720703,1
36.98500061035156,-122.08899688720703,1
37.51574897766113,-122.0719985961914,8
36.98500061035156,-122.08899688720703,1
36.98500061035156,-122.08899688720703,1
36.98500061035156,-122.08899688720703,1
37.875999450683594,-122.20299911499023,2
37.01700019836426,-122.04049682617188,1
37.87825012207031,-122.23649978637695,2
37.83289909362793,-122.16550064086914,2
37.34339904785156,-122.1604995727539,3
37.058349609375,-122.05399703979492,1
37.878299713134766,-122.23550033569336,2
38.09270095825195,-122.55500030517578,0
37.05125045776367,-121.5364990234375,6
37.83289909362793,-122.16550064086914,2
37.43619918823242,-122.29899978637695,8
38.09270095825195,-122.55500030517578,0
37.83289909362793,-122.16550064086914,2
36.6822509765625,-121.7770004272461,5
37.75849914550781,-121.9469985961914,7
37.33015060424805,-122.18000030517578,3
37.07225036621094,-122.06999969482422,1
37.02499961853027,-122.05800247192383,1
37.23925018310547,-121.79199981689453,6
37.815250396728516,-122.16300201416016,2
37.106300354003906,-122.10599899291992,1
37.87260055541992,-122.24200057983398,2
36.98630142211914,-121.85099792480469,6
37.124149322509766,-121.98049926757812,1
36.995399475097656,-122.04299926757812,1
37.03424835205078,-121.88100051879883,6
37.043949127197266,-122.04949951171875,1
37.15534973144531,-122.23699951171875,3
37.53289985656738,-122.36499786376953,8
37.83289909362793,-122.16550064086914,2
37.06254959106445,-122.02949905395508,1
37.83289909362793,-122.16550064086914,2
37.81235122680664,-122.18850326538086,2
37.05659866333008,-122.1349983215332,1
37.124149322509766,-121.98049926757812,1
37.978599548339844,-122.29350280761719,2
37.33015060424805,-122.18000030517578,3
37.83289909362793,-122.16550064086914,2
36.98500061035156,-122.08899688720703,1
37.02499961853027,-122.05800247192383,1
37.058349609375,-122.05399703979492,1
37.33015060424805,-122.18000030517578,3
36.990400314331055,-122.05899810791016,1
37.00379943847656,-122.05550003051758,1
37.33015060424805,-122.18000030517578,3
37.75724983215332,-122.11899948120117,7
37.04134941101074,-122.07100296020508,1
37.124149322509766,-121.98049926757812,1
36.982648849487305,-121.87249755859375,6
37.06254959106445,-122.02949905395508,1
37.15534973144531,-122.23699951171875,3
37.58049964904785,-122.4000015258789,8
37.16685104370117,-121.6500015258789,6
37.36130142211914,-122.21800231933594,3
37.86415100097656,-122.25650024414062,2
36.982648849487305,-121.87249755859375,6
37.11910057067871,-122.1245002746582,1
38.09270095825195,-122.55500030517578,0
37.92550086975098,-122.24250030517578,2
37.83289909362793,-122.16550064086914,2
38.09270095825195,-122.55500030517578,0
38.09270095825195,-122.55500030517578,0
37.24059867858887,-122.09149932861328,3
37.124149322509766,-121.98049926757812,1
37.83289909362793,-122.16550064086914,2
37.33015060424805,-122.18000030517578,3
37.33015060424805,-122.18000030517578,3
36.985450744628906,-122.0374984741211,1
37.37125015258789,-122.21299743652344,3
36.982648849487305,-121.87249755859375,6
37.15534973144531,-122.23699951171875,3
37.124149322509766,-121.98049926757812,1
37.36989974975586,-122.23600006103516,3
37.31999969482422,-122.26699829101562,3
37.124149322509766,-121.98049926757812,1
37.08399963378906,-122.0615005493164,1
37.77694892883301,-122.18149948120117,2
36.98500061035156,-122.08899688720703,1
36.982648849487305,-121.87249755859375,6
37.063499450683594,-122.10299682617188,1
36.995399475097656,-122.04299926757812,1
37.815250396728516,-122.16300201416016,2
37.106300354003906,-122.10599899291992,1
37.33015060424805,-122.18000030517578,3
37.33015060424805,-122.18000030517578,3
37.33015060424805,-122.18000030517578,3
37.124149322509766,-121.98049926757812,1
37.788949966430664,-122.0359992980957,7
37.02854919433594,-121.88050079345703,6
36.995399475097656,-122.04299926757812,1
36.982648849487305,-121.87249755859375,6
37.154951095581055,-122.19199752807617,3
37.81235122680664,-122.18850326538086,2
37.063499450683594,-122.10299682617188,1
37.33015060424805,-122.18000030517578,3
37.76785087585449,-122.12849807739258,7
37.891550064086914,-122.24699783325195,2
37.15534973144531,-122.23699951171875,3
37.33015060424805,-122.18000030517578,3
37.93510055541992,-122.14500045776367,2
37.83289909362793,-122.16550064086914,2
37.92550086975098,-122.24250030517578,2
37.81235122680664,-122.18850326538086,2
37.39284896850586,-122.31800079345703,8
37.01115036010742,-122.06650161743164,1
37.87389945983887,-122.26499938964844,2
37.855350494384766,-122.2599983215332,2
37.124149322509766,-121.98049926757812,1
37.80724906921387,-122.15800094604492,2
36.990400314331055,-122.05899810791016,1
37.635149002075195,-121.76899719238281,7
37.77694892883301,-122.18149948120117,2
37.80724906921387,-122.15800094604492,2
37.7231502532959,-122.05450057983398,7
37.00379943847656,-122.05550003051758,1
37.7231502532959,-122.05450057983398,7
37.825448989868164,-122.17300033569336,2
37.746999740600586,-122.06549835205078,7
36.5841007232666,-121.66150283813477,5
37.820749282836914,-122.04750061035156,7
37.68014907836914,-121.77249908447266,7
37.058349609375,-122.05399703979492,1
38.09270095825195,-122.55500030517578,0
38.09270095825195,-122.55500030517578,0
37.84229850769043,-122.19049835205078,2
37.83289909362793,-122.16550064086914,2
37.55114936828613,-121.96200180053711,7
37.33015060424805,-122.18000030517578,3
37.76900100708008,-122.48350143432617,4
37.15534973144531,-122.23699951171875,3
37.33015060424805,-122.18000030517578,3
37.02499961853027,-122.05800247192383,1
37.124149322509766,-121.98049926757812,1
37.33015060424805,-122.18000030517578,3
37.34339904785156,-122.1604995727539,3
37.39284896850586,-122.31800079345703,8
37.01115036010742,-122.06650161743164,1
37.55139923095703,-122.33499908447266,8
37.83289909362793,-122.16550064086914,2
37.02499961853027,-122.05800247192383,1
37.95134925842285,-122.2614974975586,2
37.33015060424805,-122.18000030517578,3
37.788949966430664,-122.0359992980957,7
37.33015060424805,-122.18000030517578,3
38.09270095825195,-122.55500030517578,0
37.83289909362793,-122.16550064086914,2
36.982648849487305,-121.87249755859375,6
37.33015060424805,-122.18000030517578,3
37.878299713134766,-122.23550033569336,2
37.93510055541992,-122.14500045776367,2
37.73604965209961,-122.47850036621094,4
36.995399475097656,-122.04299926757812,1
37.25724983215332,-122.24699783325195,3
37.55114936828613,-121.96200180053711,7
37.72434997558594,-122.48199844360352,4
37.84229850769043,-122.19049835205078,2
37.33015060424805,-122.18000030517578,3
37.02499961853027,-122.05800247192383,1
37.37125015258789,-122.21299743652344,3
38.00069999694824,-122.34850311279297,2
37.815250396728516,-122.16300201416016,2
37.435800552368164,-122.34199905395508,8
37.33015060424805,-122.18000030517578,3
37.54890060424805,-122.2594985961914,8
37.87899971008301,-122.14199829101562,2
37.02499961853027,-122.05800247192383,1
37.33015060424805,-122.18000030517578,3
37.97249984741211,-122.49650192260742,0
37.00434875488281,-121.86650085449219,6
37.39284896850586,-122.31800079345703,8
37.33015060424805,-122.18000030517578,3
37.23925018310547,-121.79199981689453,6
37.635149002075195,-121.76899719238281,7
36.99429893493652,-122.05849838256836,1
37.72434997558594,-122.48199844360352,4
37.80724906921387,-122.15800094604492,2
37.815250396728516,-122.16300201416016,2
37.124149322509766,-121.98049926757812,1
36.96834945678711,-121.99250030517578,1
37.909250259399414,-121.9849967956543,7
37.08399963378906,-122.0615005493164,1
37.806251525878906,-122.21599960327148,2
37.7231502532959,-122.05450057983398,7
38.09270095825195,-122.55500030517578,0
37.89970016479492,-122.24800109863281,2
37.7231502532959,-122.05450057983398,7
37.00379943847656,-122.05550003051758,1
37.06254959106445,-122.02949905395508,1
37.21615028381348,-122.30800247192383,3
37.21615028381348,-122.30800247192383,3
37.03424835205078,-121.88100051879883,6
37.4421501159668,-122.18449783325195,8
37.124149322509766,-121.98049926757812,1
36.98674964904785,-122.05550003051758,1
37.869699478149414,-122.28200149536133,2
37.3223991394043,-122.21399688720703,3
37.7984504699707,-122.46599960327148,4
37.01115036010742,-122.06650161743164,1
37.02854919433594,-121.88050079345703,6
37.508399963378906,-122.31100082397461,8
37.89970016479492,-122.24800109863281,2
37.81235122680664,-122.18850326538086,2
37.746999740600586,-122.06549835205078,7
37.83289909362793,-122.16550064086914,2
37.616050720214844,-122.46599960327148,4
37.36989974975586,-122.23600006103516,3
37.92144966125488,-122.1969985961914,2
37.83289909362793,-122.16550064086914,2
37.08399963378906,-122.0615005493164,1
37.02499961853027,-122.05800247192383,1
37.01115036010742,-122.06650161743164,1
37.15534973144531,-122.23699951171875,3
37.83289909362793,-122.16550064086914,2
37.78070068359375,-122.51399993896484,4
37.83289909362793,-122.16550064086914,2
37.83289909362793,-122.16550064086914,2
37.83289909362793,-122.16550064086914,2
37.02499961853027,-122.05800247192383,1
37.83289909362793,-122.16550064086914,2
37.72434997558594,-122.48199844360352,4
37.86305046081543,-122.22000122070312,2
36.99429893493652,-122.05849838256836,1
37.63195037841797,-122.4640007019043,4
37.83289909362793,-122.16550064086914,2
36.985450744628906,-122.0374984741211,1
37.84229850769043,-122.19049835205078,2
37.83289909362793,-122.16550064086914,2
36.56159973144531,-121.86599731445312,5
37.84229850769043,-122.19049835205078,2
37.83289909362793,-122.16550064086914,2
37.75895118713379,-122.45600128173828,4
37.84229850769043,-122.19049835205078,2
37.043949127197266,-122.04949951171875,1
37.84229850769043,-122.19049835205078,2
37.86305046081543,-122.22000122070312,2
37.124149322509766,-121.98049926757812,1
37.83289909362793,-122.16550064086914,2
37.54215049743652,-122.51649856567383,4
37.06254959106445,-122.02949905395508,1
37.074649810791016,-122.10950088500977,1
36.596500396728516,-121.86899948120117,5
37.01015090942383,-122.06600189208984,1
37.52250099182129,-122.51549911499023,4
37.815250396728516,-122.16300201416016,2
37.044349670410156,-122.03049850463867,1
37.01115036010742,-122.06650161743164,1
36.56159973144531,-121.86599731445312,5
37.815250396728516,-122.16300201416016,2
37.07225036621094,-122.06999969482422,1
37.75090026855469,-122.48999786376953,4
37.878299713134766,-122.23550033569336,2
37.7984504699707,-122.46599960327148,4
37.78070068359375,-122.51399993896484,4
37.616050720214844,-122.46599960327148,4
37.76900100708008,-122.48350143432617,4
37.0841007232666,-122.0615005493164,1
37.4737491607666,-122.4474983215332,8
36.985450744628906,-122.0374984741211,1
37.4421501159668,-122.18449783325195,8
37.54890060424805,-122.2594985961914,8
37.54890060424805,-122.2594985961914,8
37.7984504699707,-122.46599960327148,4
37.86305046081543,-122.22000122070312,2
37.893348693847656,-122.24300003051758,2
37.88545036315918,-122.26200103759766,2
37.92264938354492,-122.18149948120117,2
37.06254959106445,-122.02949905395508,1
36.982648849487305,-121.87249755859375,6
37.635149002075195,-121.76899719238281,7
37.92264938354492,-122.18149948120117,2
37.05500030517578,-122.01300048828125,1
37.04159927368164,-122.1510009765625,1
37.635149002075195,-121.76899719238281,7
36.985450744628906,-122.0374984741211,1
37.72690010070801,-122.47900009155273,4
37.75090026855469,-122.48999786376953,4
37.54215049743652,-122.51649856567383,4
37.81235122680664,-122.18850326538086,2
37.3223991394043,-122.21399688720703,3
36.98630142211914,-121.85099792480469,6
37.616050720214844,-122.46599960327148,4
37.81235122680664,-122.18850326538086,2
37.97724914550781,-122.010498046875,7
37.89970016479492,-122.24800109863281,2
36.56159973144531,-121.86599731445312,5
37.01115036010742,-122.06650161743164,1
37.7984504699707,-122.46599960327148,4
37.10379981994629,-122.26499938964844,3
37.860198974609375,-122.50199890136719,4
37.01115036010742,-122.06650161743164,1
37.616050720214844,-122.46599960327148,4
37.9015998840332,-122.22600173950195,2
37.31439971923828,-122.0634994506836,3
37.937049865722656,-122.5359992980957,0
37.0841007232666,-122.0615005493164,1
37.874149322509766,-122.23849868774414,2
37.77694892883301,-122.18149948120117,2
37.87324905395508,-122.25950241088867,2
37.862749099731445,-122.31700134277344,2
37.08399963378906,-122.0615005493164,1
37.89970016479492,-122.24800109863281,2
37.616050720214844,-122.46599960327148,4
37.905900955200195,-122.22100067138672,2
37.54890060424805,-122.2594985961914,8
37.87594985961914,-122.28050231933594,2
37.909250259399414,-121.9849967956543,7
37.86305046081543,-122.22000122070312,2
37.124149322509766,-121.98049926757812,1
37.862749099731445,-122.31700134277344,2
37.87899971008301,-122.27899932861328,2
38.06800079345703,-122.74100112915039,0
36.982648849487305,-121.87249755859375,6
37.4421501159668,-122.18449783325195,8
37.92264938354492,-122.18149948120117,2
37.82990074157715,-122.19599914550781,2
37.05500030517578,-122.01300048828125,1
37.36565017700195,-122.38600158691406,8
37.3223991394043,-122.21399688720703,3
37.0841007232666,-122.0615005493164,1
37.81235122680664,-122.18850326538086,2
36.982648849487305,-121.87249755859375,6
37.833200454711914,-122.51900100708008,4
37.86305046081543,-122.22000122070312,2
37.92550086975098,-122.24250030517578,2
36.98659896850586,-121.9260025024414,6
36.985450744628906,-122.0374984741211,1
37.31439971923828,-122.0634994506836,3
37.909250259399414,-121.9849967956543,7
37.75724983215332,-122.11899948120117,7
37.93510055541992,-122.14500045776367,2
37.67745018005371,-122.10599899291992,7
36.985450744628906,-122.0374984741211,1
37.76900100708008,-122.48350143432617,4
37.4421501159668,-122.18449783325195,8
38.26880073547363,-122.45550155639648,0
37.76900100708008,-122.48350143432617,4
37.39349937438965,-122.08700180053711,3
37.973548889160156,-121.9990005493164,7
37.313499450683594,-122.06399917602539,3
37.42410087585449,-122.26800155639648,8
37.870948791503906,-122.26849746704102,2
37.76900100708008,-122.48350143432617,4
36.982648849487305,-121.87249755859375,6
37.42824935913086,-122.17100143432617,8
37.41375160217285,-122.1875,8
37.97249984741211,-122.49650192260742,0
37.51715087890625,-122.00450134277344,7
37.529348373413086,-122.00849914550781,7
37.0841007232666,-122.0615005493164,1
36.98630142211914,-121.85099792480469,6
36.80165100097656,-121.75199890136719,5
37.39349937438965,-122.08700180053711,3
37.99514961242676,-122.2765007019043,2
37.839500427246094,-122.30850219726562,2
36.9237003326416,-121.7390022277832,6
37.41375160217285,-122.1875,8
37.75764846801758,-122.44400024414062,4
37.06254959106445,-122.02949905395508,1
37.4421501159668,-122.18449783325195,8
37.909250259399414,-121.9849967956543,7
37.217599868774414,-121.84449768066406,6
37.93510055541992,-122.14500045776367,2
37.76900100708008,-122.48350143432617,4
37.92144966125488,-122.1969985961914,2
37.54890060424805,-122.2594985961914,8
37.75764846801758,-122.44400024414062,4
37.33514976501465,-121.89749908447266,3
38.1169490814209,-122.26250076293945,2
36.990400314331055,-122.05899810791016,1
37.76900100708008,-122.48350143432617,4
37.9822998046875,-122.51350021362305,0
37.06839942932129,-121.94950103759766,1
37.909250259399414,-121.9849967956543,7
36.61734962463379,-121.739501953125,5
37.322500228881836,-122.0469970703125,3
37.55139923095703,-122.33499908447266,8
37.83930015563965,-122.12300109863281,2
37.55139923095703,-122.33499908447266,8
37.124149322509766,-121.98049926757812,1
37.87335014343262,-122.26449966430664,2
37.55139923095703,-122.33499908447266,8
37.7984504699707,-122.46599960327148,4
37.88144874572754,-122.18149948120117,2
37.51574897766113,-122.0719985961914,8
37.39349937438965,-122.08700180053711,3
37.87899971008301,-122.27899932861328,2
